player_id,goals
10,42
26,0
65,32
77,0
80,0
123,0
132,6
215,19
258,0
264,0
277,2
332,0
410,1
411,1
447,0
488,0
532,37
557,0
568,7
598,0
670,0
690,1
691,8
735,0
773,0
823,1
837,2
886,2
892,0
992,0
1073,1
1075,0
1094,1
1095,0
1116,0
1126,5
1139,2
1144,0
1150,0
1161,0
1277,1
1321,2
1327,2
1331,0
1335,0
1363,0
1368,1
1397,1
1423,1
1426,2
1428,6
1474,0
1496,0
1565,61
1568,7
1572,0
1573,0
1586,5
1587,1
1613,0
1659,0
1662,1
1667,0
1684,0
1726,7
1772,0
1784,0
1791,20
1792,0
1944,0
1986,8
2050,7
2150,1
2201,0
2219,5
2233,2
2334,1
2358,0
2386,0
2421,0
2453,1
2514,17
2623,2
2712,2
2767,8
2805,0
2857,0
2865,10
2874,5
2878,1
2904,0
2923,11
2926,1
2950,0
2953,0
2963,7
2998,7
3109,32
3114,3
3115,1
3118,0
3130,0
3131,0
3139,0
3146,0
3156,1
3159,0
3160,13
3163,27
3165,0
3172,3
3179,9
3182,1
3190,0
3195,1
3202,1
3220,0
3226,2
3235,1
3256,1
3259,3
3266,24
3270,0
3273,1
3276,3
3291,7
3292,2
3296,1
3297,2
3306,30
3332,64
3333,30
3356,0
3357,0
3366,10
3397,1
3404,0
3405,0
3406,2
3417,1
3428,0
3441,5
3455,164
3461,2
3467,1
3473,0
3476,0
3495,0
3507,0
3525,2
3530,1
3535,0
3540,3
3547,6
3548,5
3560,0
3562,0
3569,6
3575,0
3580,0
3597,0
3614,0
3620,10
3630,0
3634,0
3640,0
3666,0
3692,0
3698,0
3707,0
3713,28
3730,0
3762,3
3775,0
3785,2
3788,0
3791,1
3807,0
3816,0
3817,0
3838,0
3851,5
3875,50
3876,7
3878,3
3881,2
3890,6
3901,0
3913,0
3924,4
3942,4
3950,18
3966,5
3975,9
3979,0
3995,1
4015,0
4018,6
4042,0
4055,1
4063,11
4070,1
4072,34
4075,3
4094,0
4095,0
4111,0
4112,0
4115,2
4192,16
4205,7
4208,0
4217,7
4219,0
4233,0
4241,4
4248,14
4257,14
4267,0
4276,50
4277,1
4310,0
4311,0
4314,1
4315,2
4317,11
4321,7
4357,47
4360,42
4371,0
4380,48
4383,1
4592,0
4607,2
4624,0
4672,6
4673,1
4687,28
4691,3
4740,1
4746,0
4793,1
4796,2
4811,9
5017,2
5023,0
5072,0
5169,18
5278,0
5281,0
5283,0
5285,9
5286,0
5293,5
5299,1
5300,3
5303,30
5308,0
5309,0
5338,0
5339,2
5345,0
5348,4
5352,0
5357,0
5376,2
5399,2
5404,7
5406,4
5422,6
5430,0
5431,2
5444,0
5451,4
5457,15
5461,3
5474,1
5477,5
5486,4
5495,6
5501,0
5507,0
5513,1
5521,17
5539,0
5543,4
5544,6
5566,0
5576,0
5578,0
5588,2
5592,0
5597,1
5614,1
5622,0
5627,2
5635,0
5636,1
5639,4
5645,4
5648,3
5652,2
5658,0
5664,1
5667,7
5668,1
5672,7
5676,1
5680,6
5686,0
5687,0
5698,13
5755,5
5768,0
5782,0
5793,1
5794,7
5812,0
5817,13
5818,0
5825,38
5854,0
5856,0
5858,2
5868,5
5870,1
5873,2
5878,42
5879,11
5880,0
5889,0
5890,5
5893,5
5896,4
5908,0
5917,0
5922,2
5925,3
5928,32
5936,0
5938,3
5942,0
5946,2
5947,10
5948,0
5957,14
5958,35
5962,26
5966,0
5970,3
5974,1
5976,0
5980,56
5986,0
5993,3
6004,2
6012,2
6020,2
6026,3
6031,56
6033,13
6043,17
6046,1
6058,0
6075,2
6076,1
6090,0
6097,8
6106,1
6107,0
6119,0
6150,2
6157,2
6160,29
6233,1
6234,19
6237,58
6267,0
6270,0
6274,0
6278,0
6287,1
6288,46
6322,0
6427,1
6438,1
6442,0
6448,12
6457,3
6585,5
6636,4
6645,4
6710,6
6717,0
6721,4
6722,0
6750,2
6791,2
6792,3
6793,2
6803,1
6832,0
6838,0
6852,0
6855,0
6893,0
6970,0
6980,0
6986,10
7028,3
7093,3
7096,6
7101,5
7102,0
7109,1
7161,55
7330,0
7337,0
7353,0
7358,0
7427,30
7449,2
7451,8
7468,5
7476,5
7480,1
7486,0
7492,0
7499,0
7501,1
7512,2
7519,0
7520,12
7528,0
7537,0
7542,0
7563,0
7568,2
7572,2
7575,0
7589,0
7593,0
7594,2
7600,8
7602,6
7607,10
7611,9
7612,0
7631,4
7642,0
7663,30
7668,0
7669,0
7717,11
7723,0
7739,2
7763,0
7767,41
7781,8
7782,5
7797,0
7803,1
7818,13
7825,0
7828,0
7841,1
7858,0
7867,1
7874,0
7881,3
7899,1
7901,0
7914,0
7922,37
7923,5
7945,1
7971,78
7980,23
7983,3
7985,0
7989,8
8019,3
8060,3
8108,1
8163,0
8176,0
8184,0
8188,1
8198,299
8206,3
8207,0
8246,0
8317,2
8323,0
8498,0
8538,6
8552,17
8640,1
8730,1
8746,1
8806,37
8883,19
8885,7
9091,0
9218,1
9239,1
9335,1
9340,2
9354,21
9413,5
9422,0
9500,0
9508,7
9543,1
9594,12
9619,1
9659,0
9697,3
9706,0
9711,2
9813,0
9819,8
9824,1
9828,2
9832,0
9850,3
9915,0
9956,0
9966,2
9967,27
9975,0
9988,5
10003,8
10250,0
10255,5
10289,6
10329,0
10375,0
10471,18
10503,3
10642,1
10885,4
11111,6
11268,6
11365,0
11530,0
11680,0
11765,9
12028,0
12029,0
12033,0
12093,1
12096,1
12101,1
12106,11
12112,0
12124,0
12125,0
12127,3
12134,3
12142,10
12149,2
12249,28
12275,0
12282,5
12351,1
12359,0
12379,1
12384,4
12386,5
12387,0
12502,2
12503,2
12508,16
12515,0
12516,12
12517,0
12518,0
12563,41
12628,2
12691,4
12693,0
12704,3
12709,1
12763,20
12814,0
12864,0
12906,4
12907,0
12957,0
13023,3
13038,2
13091,47
13121,6
13168,0
13217,0
13239,6
13412,9
13426,0
13427,11
13443,0
13460,0
13465,3
13507,18
13520,10
13572,0
13573,0
13582,0
13583,1
13616,0
13640,0
13683,1
13686,0
13749,0
13796,1
13829,1
13872,2
13979,5
14007,0
14013,2
14031,0
14041,1
14047,0
14066,15
14081,2
14086,16
14132,10
14178,1
14192,3
14219,0
14221,15
14244,0
14259,1
14334,0
14342,0
14533,3
14535,0
14555,0
14746,0
14856,0
14882,4
14937,0
14940,0
14942,0
14944,1
14948,19
14949,2
14951,8
14974,0
14977,0
15045,2
15052,0
15074,5
15164,0
15166,1
15185,20
15220,0
15275,1
15300,0
15342,2
15378,0
15420,8
15452,8
15461,0
15486,0
15500,1
15511,5
15567,0
15568,6
15693,29
15715,2
15760,4
15761,0
15764,0
15773,3
15788,1
15790,5
15799,40
15804,2
15808,4
15844,0
15888,0
15904,1
15921,5
15929,2
15930,0
15951,7
15952,4
15955,1
15956,7
15974,0
15980,0
15981,1
15983,3
16117,3
16120,5
16124,0
16135,9
16136,11
16137,13
16306,37
16311,22
16315,1
16353,0
16402,0
16408,0
16458,2
16474,1
16498,0
16520,10
16565,0
16576,1
16591,6
16595,2
16624,4
16631,3
16633,0
16635,2
16649,15
16651,4
16716,1
16726,0
16731,0
16743,0
16744,1
16746,2
16810,0
16828,0
16831,1
16833,9
16843,0
16868,2
16870,1
16873,2
16888,0
16891,0
16893,16
16902,5
16911,0
16922,30
16947,1
16956,0
16968,1
16993,28
17025,2
17127,7
17129,9
17130,1
17171,0
17179,9
17244,4
17249,3
17259,0
17273,2
17348,0
17396,7
17422,2
17432,0
17441,0
17491,0
17555,1
17675,1
17689,13
17693,4
17735,2
17804,0
17880,0
17885,2
17965,0
18006,5
18021,20
18036,0
18091,0
18093,3
18100,9
18227,2
18277,1
18290,0
18298,0
18301,4
18310,1
18324,4
18331,22
18379,0
18397,2
18416,0
18445,1
18533,1
18542,4
18543,6
18644,69
18673,0
18702,0
18828,2
18829,4
18833,0
18860,0
18871,1
18900,33
18901,1
18909,57
18912,16
18918,2
18922,171
18934,26
18935,15
18940,0
18944,22
18955,9
18958,5
19041,9
19045,0
19057,0
19059,0
19083,0
19085,7
19104,27
19112,24
19114,0
19119,0
19136,0
19139,7
19182,0
19286,0
19305,16
19354,2
19368,7
19385,1
19435,1
19437,1
19438,0
19442,2
19446,8
19447,36
19548,9
19636,11
19641,4
19671,0
19694,5
19708,8
19721,0
19726,2
19736,0
19819,59
19946,10
19948,0
19958,0
19979,0
19981,1
19998,22
20003,4
20005,67
20007,5
20081,3
20137,0
20276,3
20313,0
20346,18
20378,0
20410,10
20444,2
20463,12
20506,5
20586,2
20622,4
20714,0
20726,14
20730,8
20778,2
20913,4
20920,0
20941,2
20975,0
21039,0
21042,1
21060,0
21101,0
21151,4
21175,70
21227,1
21297,0
21327,0
21333,1
21354,0
21369,13
21490,7
21496,1
21590,0
21690,0
21696,3
21701,2
21725,8
21726,0
21748,29
21752,0
21756,3
21763,6
21769,0
21770,2
21779,0
21780,0
21782,3
21829,0
21859,0
21861,2
21863,0
21872,0
21876,1
21887,3
21891,0
21905,2
21935,0
21942,2
21954,2
21955,0
21972,3
21988,1
22053,0
22068,48
22092,0
22093,5
22102,0
22123,0
22131,4
22139,1
22140,0
22141,0
22149,0
22165,2
22185,0
22186,2
22202,11
22203,5
22210,25
22217,1
22249,1
22268,7
22285,0
22318,0
22320,0
22328,117
22338,0
22377,12
22386,10
22388,63
22390,17
22395,0
22396,0
22412,0
22491,0
22542,1
22550,3
22568,2
22586,4
22594,1
22598,3
22614,26
22628,0
22630,0
22632,0
22635,0
22636,2
22642,1
22645,2
22673,4
22686,0
22749,2
22801,0
22820,1
22832,5
22837,8
22860,0
22948,2
22969,4
23097,0
23102,15
23163,2
23197,16
23218,0
23247,0
23284,7
23287,0
23306,0
23338,0
23345,3
23365,3
23366,0
23367,1
23553,1
23825,19
23874,0
23888,2
23890,0
23897,0
23898,0
23914,1
23918,1
23934,4
23938,0
23951,0
23952,13
23955,2
23960,3
23966,10
23974,0
23976,0
24001,0
24105,0
24112,0
24155,1
24180,11
24232,0
24284,0
24305,0
24316,0
24459,16
24502,0
24589,8
24606,4
24634,0
24636,1
24661,1
24700,1
24856,0
24862,0
24877,0
24977,3
25106,0
25113,1
25115,1
25248,3
25316,61
25318,0
25319,3
25366,3
25411,2
25412,2
25427,4
25441,0
25461,0
25468,3
25488,75
25508,0
25523,3
25542,0
25553,2
25557,51
25617,0
25727,12
25742,21
25758,0
25785,1
25812,4
25834,0
25942,3
26063,13
26065,0
26066,9
26105,22
26148,0
26199,14
26263,23
26267,20
26276,0
26399,161
26407,2
26443,2
26456,10
26485,5
26486,1
26574,1
26633,0
26669,5
26721,15
26763,0
26764,2
26801,0
26878,22
26946,2
27114,3
27292,3
27300,10
27305,10
27306,13
27307,2
27374,4
27389,107
27390,0
27394,1
27448,0
27453,7
27470,7
27471,0
27486,0
27487,0
27490,0
27493,0
27505,0
27511,13
27554,0
27577,7
27611,0
27614,17
27659,0
27661,11
27683,0
27800,1
27805,6
27807,0
27900,0
27924,2
27941,0
27992,27
28002,0
28003,327
28005,13
28007,0
28020,3
28021,0
28022,6
28026,2
28027,0
28031,0
28140,48
28163,0
28171,18
28245,4
28252,3
28260,1
28261,3
28285,0
28307,1
28318,0
28328,23
28335,5
28336,6
28356,0
28396,141
28511,0
28683,5
28705,0
28810,0
28817,0
28818,0
28827,2
28828,0
28833,0
28841,0
28845,4
28851,0
28855,10
28862,0
28868,2
28878,1
28935,0
28936,18
28947,26
28973,12
28984,4
28987,5
28990,20
29016,0
29035,3
29051,0
29055,0
29061,1
29065,0
29091,1
29122,0
29124,96
29152,5
29158,0
29159,0
29170,1
29178,3
29187,3
29193,0
29208,2
29213,1
29220,0
29237,0
29241,17
29260,9
29280,3
29311,7
29316,58
29351,0
29356,1
29364,14
29377,0
29391,0
29401,25
29424,15
29434,23
29559,0
29594,24
29604,0
29605,22
29692,0
29712,0
29835,16
29865,4
29962,8
29974,0
29975,2
29993,6
29997,0
30059,14
30070,3
30097,0
30308,8
30321,20
30332,0
30333,1
30379,1
30418,0
30456,0
30505,1
30584,7
30593,2
30638,21
30654,0
30666,2
30670,2
30677,6
30687,12
30690,0
30697,2
30698,0
30739,1
30747,7
30749,0
30757,6
30758,27
30767,4
30782,1
30802,4
30825,1
30846,0
30853,6
30873,40
30882,0
30929,0
30942,8
30982,3
31007,21
31041,15
31050,0
31064,0
31067,18
31069,1
31089,0
31095,10
31101,0
31123,0
31159,39
31169,1
31173,6
31182,3
31208,1
31216,1
31218,0
31316,4
31451,3
31514,5
31535,0
31552,4
31553,1
31570,6
31579,19
31599,0
31610,0
31642,2
31645,1
31653,0
31720,5
31751,0
31773,0
31776,1
31835,33
31864,0
31868,0
31909,27
31910,1
31952,6
32113,11
32207,9
32213,24
32273,0
32467,55
32522,1
32568,1
32617,1
32618,3
32622,9
32711,37
32779,0
32816,11
32845,4
32966,1
33027,0
33042,2
33046,0
33065,0
33078,0
33195,0
33210,0
33218,8
33249,0
33337,1
33343,0
33349,0
33357,5
33442,1
33447,2
33448,2
33465,0
33478,0
33481,45
33484,0
33507,0
33535,1
33544,7
33571,26
33572,3
33639,31
33648,4
33706,9
33713,54
33718,1
33729,0
33763,6
33781,0
33783,0
33785,0
33822,5
33829,15
33831,6
33847,1
33866,2
33873,1
33905,1
33907,0
33914,0
33923,28
33925,0
33927,15
33935,0
33942,1
33947,5
33951,4
33952,24
33953,4
33963,5
34026,5
34053,0
34060,0
34130,0
34160,0
34198,7
34211,1
34232,4
34239,6
34283,5
34285,0
34322,11
34334,0
34336,5
34344,4
34361,2
34370,0
34372,2
34409,6
34453,2
34495,8
34527,0
34529,2
34532,0
34542,0
34543,1
34553,0
34557,5
34559,0
34561,2
34564,1
34572,64
34579,6
34593,0
34601,79
34672,2
34691,2
34758,1
34783,2
34784,2
34787,7
34838,2
34870,59
34909,1
34944,12
34987,20
35035,4
35047,13
35099,25
35183,25
35193,0
35207,120
35208,2
35242,0
35247,4
35249,32
35251,1
35383,2
35405,0
35413,1
35416,10
35448,0
35462,0
35491,0
35493,1
35512,0
35515,0
35518,56
35532,3
35536,0
35537,1
35539,2
35540,20
35541,0
35546,0
35548,1
35560,2
35562,14
35564,45
35571,2
35600,1
35645,0
35664,42
35703,3
35733,1
35743,2
35747,9
35748,4
35773,54
35805,1
35852,2
35853,0
35855,8
35865,0
35871,1
35872,9
35934,2
35939,5
36039,1
36139,21
36182,95
36207,22
36233,0
36255,1
36284,15
36291,0
36293,18
36294,1
36350,3
36356,4
36371,42
36500,21
36529,0
36608,4
36756,0
36787,0
36814,10
36827,14
36859,0
36861,3
36866,3
36881,4
36884,0
36898,0
36911,0
36914,3
36939,5
37011,13
37013,12
37058,0
37124,0
37148,20
37152,1
37157,18
37171,14
37216,1
37247,0
37278,0
37287,4
37295,6
37304,43
37337,7
37363,2
37388,4
37389,25
37397,1
37399,6
37403,0
37413,0
37418,52
37442,0
37460,0
37501,42
37511,1
37516,2
37526,6
37579,3
37598,0
37633,0
37647,84
37666,55
37712,5
37760,0
37787,1
37788,1
37834,48
37835,0
37838,9
37852,0
37889,0
37892,2
37906,0
37917,19
37918,8
37920,13
37934,5
37941,1
37957,0
37966,0
37981,9
38000,1
38003,2
38073,3
38094,0
38100,0
38124,0
38145,2
38253,362
38266,0
38267,0
38270,0
38346,0
38360,40
38383,1
38388,0
38410,45
38414,0
38415,4
38434,1
38440,0
38473,0
38497,3
38536,0
38582,0
38584,0
38591,0
38592,12
38593,50
38602,1
38607,17
38746,5
38817,1
38824,3
38954,0
38978,2
39004,0
39010,7
39015,0
39020,6
39025,6
39027,0
39037,0
39049,1
39073,0
39087,0
39090,15
39094,1
39099,58
39102,15
39106,45
39114,1
39118,0
39125,0
39151,10
39152,107
39153,146
39174,0
39198,11
39247,0
39256,3
39259,4
39306,0
39372,9
39378,1
39381,113
39426,38
39471,0
39518,0
39532,15
39642,6
39679,23
39690,1
39700,0
39705,0
39717,2
39724,3
39728,21
39732,0
39743,39
39783,6
39784,1
39799,0
39828,4
39829,0
39831,5
39883,11
39893,0
39897,0
39906,1
39907,10
39908,6
39909,7
39910,0
39913,0
39914,1
39917,1
39918,0
39924,0
39983,28
40014,4
40034,0
40043,0
40074,3
40116,2
40204,0
40205,20
40372,18
40423,0
40428,1
40429,0
40433,125
40442,6
40446,0
40456,2
40478,7
40567,13
40605,0
40611,7
40612,0
40613,8
40614,0
40633,14
40660,37
40680,0
40687,15
40688,1
40790,0
40792,0
40822,0
40888,11
40928,0
40937,5
40975,3
40995,9
41023,3
41063,14
41112,7
41234,0
41242,10
41261,3
41281,2
41311,2
41323,0
41355,7
41369,0
41384,81
41414,2
41416,20
41458,0
41507,2
41541,4
41663,3
41665,0
41749,1
41818,0
41866,0
41912,0
41914,0
41935,1
41982,45
41989,2
42029,0
42033,6
42044,0
42072,3
42079,0
42086,0
42198,2
42203,1
42205,0
42234,8
42267,6
42284,0
42318,0
42345,3
42373,0
42411,12
42412,13
42413,1
42417,0
42460,74
42463,2
42466,0
42513,6
42678,0
42710,10
42714,5
42735,0
42744,0
42751,0
42783,49
42796,0
42920,1
42935,0
42936,87
42952,13
42974,1
43003,6
43012,0
43082,0
43084,0
43193,1
43206,0
43217,0
43237,0
43242,8
43250,8
43256,8
43257,3
43261,1
43264,1
43266,1
43271,1
43274,5
43411,0
43458,4
43512,7
43530,33
43722,3
43759,1
43760,0
43763,2
43824,0
43845,0
43847,7
43848,6
43853,0
43886,5
43907,50
43942,8
43960,1
43975,0
43984,10
44012,4
44017,9
44027,14
44045,21
44058,0
44059,5
44062,0
44065,6
44068,46
44069,4
44072,0
44073,15
44136,17
44139,1
44162,39
44227,0
44281,1
44317,0
44327,9
44336,0
44352,230
44373,6
44412,16
44417,4
44420,5
44421,1
44466,13
44501,12
44514,5
44521,3
44567,0
44594,0
44607,0
44624,7
44625,4
44674,17
44675,18
44679,0
44686,6
44687,3
44688,0
44699,3
44700,2
44709,4
44713,8
44716,14
44720,0
44727,0
44735,0
44741,1
44760,2
44779,102
44792,1
44794,0
44832,0
44834,15
44855,6
44859,0
44860,2
44913,1
44948,1
44966,0
44983,13
45026,0
45082,0
45121,51
45124,12
45146,75
45166,0
45168,0
45178,8
45184,10
45185,0
45235,0
45237,6
45254,2
45256,5
45259,3
45272,4
45287,11
45305,0
45314,19
45319,5
45320,75
45330,1
45333,9
45335,35
45383,22
45389,8
45395,7
45403,55
45448,0
45464,1
45475,5
45494,0
45509,1
45529,1
45548,4
45565,11
45567,9
45581,8
45593,0
45599,3
45601,0
45623,9
45624,3
45631,0
45639,6
45644,0
45646,2
45653,3
45660,58
45662,10
45668,7
45671,10
45672,0
45674,0
45683,7
45693,37
45710,1
45717,8
45760,0
45775,0
45832,27
45846,1
45861,6
45882,0
45889,0
45912,0
45921,0
46001,19
46006,1
46007,2
46060,3
46062,0
46104,61
46105,3
46106,12
46110,0
46154,0
46156,25
46162,6
46179,0
46215,40
46220,8
46405,0
46413,97
46415,20
46423,0
46473,1
46477,1
46552,23
46580,138
46716,0
46728,0
46741,13
46791,5
46809,0
46831,13
46894,1
46972,25
47005,2
47065,22
47082,52
47085,2
47184,3
47285,11
47344,0
47435,2
47513,2
47543,2
47544,1
47587,3
47592,0
47646,0
47647,4
47648,0
47653,0
47659,0
47713,6
47722,0
47768,0
47893,0
47995,20
48002,8
48003,0
48015,0
48066,34
48078,17
48081,1
48119,0
48164,1
48280,184
48294,0
48298,77
48678,0
48740,1
48805,2
48859,5
48870,0
48931,0
48950,0
48974,4
49101,0
49144,0
49239,24
49275,6
49319,0
49327,4
49347,0
49409,1
49499,30
49500,5
49501,7
49521,0
49542,6
49655,31
49693,15
49723,11
49730,1
49734,0
49755,1
49795,0
49802,0
49804,4
49867,0
49872,7
50057,40
50135,0
50142,2
50143,23
50174,8
50199,1
50201,86
50202,89
50219,0
50303,3
50355,2
50362,7
50413,0
50477,1
50487,5
50512,100
50570,22
50577,1
50587,0
50617,0
50935,66
50987,0
51030,0
51035,0
51040,5
51046,6
51053,0
51058,0
51069,2
51088,0
51100,4
51106,0
51118,9
51152,38
51168,4
51174,10
51176,12
51186,3
51190,1
51226,5
51282,0
51283,1
51285,1
51318,0
51321,0
51325,2
51346,1
51356,21
51369,1
51383,0
51426,7
51452,12
51457,0
51471,17
51474,13
51489,0
51504,0
51510,44
51528,0
51532,10
51535,0
51540,18
51542,0
51545,5
51547,1
51550,0
51559,10
51587,27
51663,2
51667,2
51676,7
51681,3
51710,0
51713,0
51730,0
51736,14
51972,6
51977,0
52027,2
52059,5
52112,3
52119,21
52136,2
52188,0
52200,1
52209,1
52246,3
52266,1
52312,9
52328,24
52345,3
52348,8
52403,5
52428,23
52432,0
52469,22
52495,0
52513,1
52530,17
52570,0
52585,0
52595,1
52647,0
52744,0
52746,4
52769,47
52830,0
52893,1
52897,23
52903,0
52910,0
52918,1
52920,9
52999,2
53058,0
53077,1
53173,2
53238,1
53239,4
53288,6
53293,0
53301,1
53306,0
53309,0
53332,0
53350,0
53359,0
53360,46
53399,4
53400,9
53408,0
53418,13
53437,3
53477,4
53523,1
53533,0
53534,0
53536,6
53602,2
53622,57
53669,1
53696,0
54137,11
54149,3
54155,2
54170,10
54183,3
54217,0
54231,2
54235,45
54245,19
54275,0
54312,2
54383,5
54488,0
54534,0
54576,0
54581,19
54659,2
54774,1
54775,0
54781,14
54794,0
54818,2
54845,0
54846,0
54859,1
54890,19
54906,15
54916,0
54921,0
54928,14
54929,1
54933,11
54935,10
54964,0
54984,32
54996,0
55000,0
55001,0
55042,13
55044,0
55046,2
55089,0
55099,9
55114,3
55125,0
55135,0
55156,0
55213,1
55215,19
55237,3
55240,1
55247,0
55282,0
55291,3
55385,1
55409,23
55472,0
55508,16
55510,6
55512,0
55519,2
55595,0
55597,0
55619,10
55687,1
55709,4
55735,71
55742,3
55751,1
55769,21
55801,39
55854,9
55866,1
55870,1
55884,1
55895,0
55911,0
55932,0
55957,2
55993,0
55997,2
56036,1
56046,0
56059,0
56066,0
56067,26
56100,2
56134,6
56294,1
56331,48
56416,113
56435,2
56510,0
56513,1
56543,1
56609,6
56693,1
56703,4
56711,7
56762,2
56777,1
56778,0
56790,4
56794,6
56795,0
56802,0
56806,3
56807,0
56808,1
56809,0
56810,1
56815,0
56817,0
56818,13
56820,5
56827,2
56830,7
56831,0
56841,0
56853,1
56854,3
56872,8
56889,0
56903,1
56912,10
56921,0
57051,16
57071,0
57079,6
57091,4
57110,18
57134,0
57135,0
57144,6
57162,17
57170,0
57186,5
57207,7
57208,0
57213,0
57216,17
57229,15
57275,4
57280,62
57285,0
57295,1
57337,1
57342,3
57343,1
57348,3
57349,2
57354,1
57355,0
57358,2
57359,0
57367,0
57370,14
57372,11
57376,4
57383,0
57389,4
57402,0
57403,12
57404,4
57410,0
57420,11
57423,0
57449,0
57466,2
57467,14
57480,3
57482,0
57488,0
57500,11
57510,2
57515,2
57522,0
57525,2
57545,0
57598,2
57643,1
57644,0
57693,0
57723,0
57785,2
57791,11
57800,0
57808,2
57816,0
57818,0
57825,67
57842,1
57845,1
57866,10
57876,0
57895,1
57922,0
57935,2
57941,0
57943,1
57944,0
57950,0
57961,6
57995,37
58000,0
58001,13
58009,0
58013,9
58064,0
58070,4
58074,1
58076,26
58097,0
58112,1
58115,0
58124,14
58163,1
58178,6
58205,41
58281,3
58295,3
58330,3
58341,0
58345,30
58358,105
58361,0
58379,8
58396,1
58405,6
58426,3
58437,8
58474,0
58489,6
58497,0
58500,4
58516,11
58576,3
58774,0
58789,1
58799,17
58818,35
58864,222
58874,15
58884,12
58890,0
58949,10
58970,1
58993,5
58995,4
59016,23
59027,0
59032,3
59054,9
59059,0
59082,0
59196,1
59238,1
59248,0
59323,101
59340,51
59343,0
59344,13
59349,0
59375,11
59377,0
59491,0
59527,0
59529,0
59551,4
59558,2
59561,67
59597,0
59606,4
59631,21
59641,0
59699,2
59783,27
59791,0
59866,12
59938,2
59950,5
59957,39
60026,0
60028,6
60128,7
60289,0
60394,1
60410,6
60444,21
60445,2
60517,3
60525,3
60530,0
60534,0
60539,1
60540,61
60542,7
60543,0
60551,2
60558,2
60561,0
60567,0
60570,12
60573,1
60577,11
60578,23
60583,3
60588,4
60591,8
60599,0
60602,0
60603,2
60604,0
60607,1
60632,23
60732,0
60744,8
60761,0
60779,0
60790,1
60885,4
60889,7
60890,40
60957,19
60990,3
61087,36
61253,68
61344,3
61358,0
61375,0
61401,1
61447,1
61449,24
61464,4
61511,7
61546,8
61559,0
61560,13
61561,1
61568,2
61572,0
61573,0
61575,0
61583,0
61588,0
61591,6
61592,12
61637,21
61644,8
61651,28
61653,4
61682,0
61694,0
61697,0
61711,2
61743,0
61751,0
61757,4
61770,0
61783,0
61786,1
61812,15
61814,0
61819,9
61832,7
61834,3
61841,5
61842,26
61863,0
61869,0
61887,0
61891,0
61892,5
61901,9
61989,0
62008,0
62013,3
62049,43
62052,0
62094,0
62121,24
62144,2
62240,1
62351,0
62379,2
62415,7
62611,0
62638,0
62642,0
62688,13
62713,2
62716,0
62735,7
62751,6
62800,3
62913,0
62915,3
62920,6
62941,1
62945,2
63022,2
63040,5
63056,29
63186,43
63200,37
63209,0
63226,0
63252,0
63265,1
63285,0
63290,10
63293,0
63342,16
63384,1
63463,31
63489,0
63494,23
63531,4
63689,10
63695,1
63706,0
63723,8
63737,2
63821,2
63824,4
63833,1
63846,0
63899,0
63955,0
63965,0
64000,0
64134,4
64147,1
64229,0
64248,1
64308,5
64339,11
64363,0
64399,0
64411,4
64419,0
64484,20
64545,1
64598,6
64791,1
64793,67
64992,0
65060,0
65177,0
65230,8
65233,0
65237,2
65239,1
65243,2
65255,5
65263,0
65266,0
65278,89
65301,0
65318,4
65331,10
65467,35
65477,47
65489,0
65635,0
65781,0
65921,0
65929,0
65976,14
65992,0
66005,1
66022,11
66052,1
66058,32
66099,0
66100,9
66106,42
66109,0
66110,0
66112,6
66219,1
66280,1
66319,0
66333,5
66360,1
66386,0
66398,0
66407,25
66413,8
66415,1
66521,9
66550,4
66736,2
66783,7
66788,0
66791,0
66923,0
66926,0
66934,15
66960,0
66994,0
67063,71
67080,9
67082,23
67084,2
67089,9
67090,0
67202,0
67211,0
67252,3
67283,0
67303,6
67322,6
67339,0
67346,0
67355,5
67369,0
67416,0
67420,4
67421,3
67542,0
67544,0
67546,4
67548,23
67556,22
67639,6
67685,8
67721,2
67808,6
67823,0
67850,0
67864,0
67866,1
67869,4
67920,4
68033,14
68183,4
68283,0
68290,150
68306,49
68390,18
68410,0
68645,3
68718,12
68815,3
68863,144
68864,13
68868,2
69001,0
69006,6
69015,11
69101,14
69246,9
69374,44
69396,1
69436,5
69609,0
69611,0
69633,61
69646,5
69653,3
69660,1
69751,14
69819,4
70131,0
70203,1
70243,12
70245,1
70280,3
70285,34
70411,21
70580,0
70689,4
70767,0
70789,20
70890,0
70898,0
70934,64
70946,0
70950,13
71002,0
71019,0
71020,0
71096,1
71107,0
71204,0
71206,0
71271,0
71273,6
71292,22
71302,0
71394,10
71548,6
71559,7
71570,0
71571,2
71579,3
71601,0
71671,23
71801,0
71835,0
71840,1
71904,3
71905,19
71918,3
72047,168
72087,0
72121,4
72189,4
72195,2
72201,0
72203,0
72237,4
72274,0
72286,0
72310,1
72315,5
72319,0
72415,0
72422,0
72441,10
72457,0
72462,1
72471,0
72476,0
72479,27
72519,10
72522,22
72578,0
72587,0
72638,0
72768,13
72779,7
72792,4
72857,5
72883,0
72935,0
73013,26
73048,0
73067,0
73076,0
73083,1
73090,0
73092,1
73097,12
73120,1
73180,4
73185,59
73215,0
73222,0
73244,2
73250,6
73257,0
73269,0
73314,1
73319,5
73323,0
73333,0
73396,0
73408,0
73457,8
73458,0
73482,3
73484,11
73491,5
73517,0
73522,0
73547,2
73564,0
73636,12
73734,14
73782,33
73786,1
73794,124
73846,3
73858,0
73926,17
73943,1
74088,0
74223,6
74228,1
74229,34
74230,57
74232,0
74253,0
74294,6
74295,1
74297,30
74300,28
74314,0
74418,2
74448,6
74557,4
74590,4
74602,0
74615,1
74641,0
74667,11
74683,9
74684,3
74687,0
74709,1
74768,0
74810,12
74821,0
74842,54
74856,1
74857,0
74869,5
74943,29
74954,7
74956,2
74960,0
74996,2
75058,0
75067,2
75076,0
75096,0
75127,1
75224,0
75238,1
75282,2
75287,4
75314,4
75327,3
75411,0
75442,3
75446,19
75458,0
75471,11
75489,59
75615,15
75640,17
75645,3
75680,0
75816,0
75820,0
75852,1
75890,0
75921,3
75942,9
76032,0
76055,29
76061,1
76076,0
76077,13
76092,0
76158,0
76163,39
76273,8
76274,3
76277,18
76285,0
76293,35
76329,4
76386,15
76387,4
76406,0
76467,3
76560,0
76598,1
76608,9
76699,0
76701,2
76743,0
76746,6
76799,4
76895,0
76902,0
76924,1
76984,1
77001,3
77003,3
77026,6
77100,54
77108,9
77207,1
77259,0
77262,2
77274,11
77329,0
77348,1
77383,0
77395,0
77544,0
77559,0
77563,0
77603,2
77707,4
77708,1
77720,0
77737,3
77740,1
77745,1
77757,0
77760,10
77809,2
77812,0
77825,0
77826,32
77828,13
77834,0
77835,0
77910,0
77920,1
77932,1
77947,0
77974,21
78082,54
78147,8
78339,0
78553,1
78590,0
78917,5
78950,2
78959,0
78966,1
79027,2
79045,0
79110,3
79242,0
79352,0
79355,0
79377,6
79422,0
79470,0
79501,29
79503,3
79510,1
79522,5
79642,43
79643,0
79723,3
79893,19
79960,14
79967,17
80009,8
80031,8
80036,0
80060,0
80158,0
80173,6
80191,6
80197,36
80205,9
80293,23
80351,78
80444,72
80672,0
80894,0
81056,0
81173,0
81190,0
81202,1
81386,5
81396,0
81433,0
81455,10
81460,58
81512,10
81532,15
81543,0
81663,5
81698,0
81743,1
81785,26
81789,9
81796,15
81801,1
81808,36
81988,34
81997,0
81998,0
81999,99
82009,108
82018,0
82048,55
82070,5
82097,10
82105,20
82110,1
82113,0
82130,0
82243,2
82281,0
82324,5
82350,15
82361,0
82367,0
82389,7
82442,134
82461,0
82503,3
82693,0
82743,0
82751,0
82863,14
82873,37
82878,0
83002,3
83132,2
83188,0
83256,0
83368,0
83409,0
83430,0
83458,16
83700,0
83877,27
83891,0
83895,1
83910,0
83983,2
84085,8
84133,4
84150,2
84301,22
84344,1
84435,4
84442,0
84467,0
84481,12
84511,2
84545,38
84622,0
84751,0
84765,68
84766,0
84835,21
84845,0
84846,6
84870,1
84878,2
84903,0
84921,0
84938,0
84993,0
85000,1
85066,1
85093,0
85148,37
85164,4
85177,4
85201,0
85208,0
85240,0
85258,1
85288,63
85289,1
85295,1
85314,21
85324,26
85352,36
85357,0
85365,0
85370,12
85372,0
85380,0
85383,17
85393,15
85475,5
85484,0
85500,1
85528,0
85543,0
85585,5
85603,0
85605,7
85611,2
85660,0
85706,2
85789,17
85791,5
85822,0
85825,28
85863,4
85864,0
85867,5
85906,6
85935,6
85941,0
86074,0
86079,8
86172,0
86175,18
86202,16
86784,17
86792,34
86793,5
86848,3
86895,0
86915,0
86916,0
86926,1
86930,0
87162,0
87210,4
87282,1
87409,0
87422,0
87463,3
87469,4
87479,3
87493,0
87645,0
87672,20
87856,0
87884,3
87893,0
88067,0
88082,2
88103,58
88262,5
88327,0
88490,17
88528,0
88542,0
88590,16
88595,0
88647,1
88680,6
88682,3
88683,77
88684,2
88685,0
88706,3
88712,0
88713,0
88721,2
88750,0
88755,99
88909,29
88971,0
89027,0
89086,0
89215,2
89231,10
89297,1
89313,2
89318,0
89325,0
89330,0
89450,0
89473,3
89542,0
89591,15
89592,8
89618,0
89637,0
89643,0
89650,8
89659,4
89701,10
89708,0
89718,8
89726,1
89731,1
89733,10
89783,0
90024,39
90118,0
90273,0
90294,0
90317,0
90368,0
90451,0
90466,60
90489,5
90583,6
90660,0
90681,3
90836,10
90964,0
91059,59
91251,1
91317,12
91340,0
91415,26
91423,6
91469,0
91473,2
91716,3
91763,8
91841,23
91845,160
91849,13
91885,0
91914,0
91915,4
91931,0
91956,0
91970,41
92109,0
92111,1
92141,12
92180,1
92381,2
92385,1
92469,12
92472,0
92569,0
92571,10
92572,5
92693,16
92701,4
92738,5
92813,5
92899,2
92947,2
93056,0
93081,0
93128,15
93142,0
93145,2
93176,1
93184,0
93309,4
93330,0
93535,0
93552,2
93571,0
93604,12
93626,1
93651,0
93658,0
93664,6
93678,30
93690,2
93701,3
93704,13
93707,13
93720,209
93726,14
93730,0
93732,0
93740,27
93744,0
93751,0
93758,4
93759,0
93763,0
93764,0
93768,0
93795,3
93805,0
93827,10
93831,0
93841,3
93844,32
93853,0
93905,0
93922,3
93926,0
93935,11
93936,64
94005,12
94030,0
94137,8
94148,0
94167,0
94174,0
94192,0
94199,1
94201,16
94304,1
94305,0
94307,17
94308,1
94414,0
94529,70
94570,1
94598,0
94655,0
94674,1
94768,0
94771,4
94783,0
94807,0
94936,1
94939,1
95182,0
95280,0
95336,2
95424,5
95435,18
95438,10
95480,1
95483,1
95488,0
95604,10
95641,8
95680,9
95732,64
95736,0
95755,0
95810,6
95963,7
95976,0
96167,8
96254,0
96327,0
96341,206
96374,0
96454,1
96533,46
96540,0
96630,0
96718,20
96754,23
96758,0
96806,4
96828,60
96853,8
98101,0
98240,11
98249,23
98262,0
98274,0
98315,1
98322,8
98334,24
98349,52
98351,21
98356,0
98512,0
98596,17
98888,14
99180,10
99189,0
99227,15
99232,7
99235,0
99254,0
99327,3
99331,16
99343,23
99345,1
99349,0
99352,7
99353,44
99355,1
99397,0
99499,1
99523,0
99559,3
99632,1
99922,15
99924,0
99946,0
100131,8
100497,0
100507,0
100722,4
100986,13
101118,0
101213,8
101469,1
101500,11
101682,0
101742,1
101913,2
101922,3
102017,30
102132,0
102146,0
102192,1
102226,43
102249,0
102258,4
102382,0
102423,13
102427,0
102470,4
102558,7
102744,8
102745,7
102750,0
102779,0
102984,0
102990,1
103004,2
103054,0
103060,0
103064,1
103310,2
103427,20
103547,22
103563,8
103565,78
103667,0
103674,0
103890,1
103916,0
104124,68
104223,1
104290,0
104414,0
104466,0
104586,0
104597,3
104725,1
104752,9
104941,0
105388,0
105400,2
105456,4
105470,1
105521,206
105625,0
105892,21
105899,1
106181,7
106225,0
106270,27
106306,0
106405,7
106825,0
106837,1
106872,21
106987,40
107010,6
107184,0
107219,0
107350,0
107427,0
107525,0
107574,0
107617,0
107662,0
107775,0
107958,1
108119,1
108354,67
108390,0
108484,10
108537,12
108636,2
108650,26
108725,89
108830,1
108878,0
108880,0
109008,0
109038,0
109039,2
109110,0
109256,21
109436,0
109598,5
109720,1
109751,1
109792,0
110036,4
110078,10
110116,0
110268,0
110309,1
110338,0
110366,7
110475,0
110577,0
110622,2
110858,10
110860,0
110861,0
110864,0
110867,0
110868,0
110923,0
110925,0
110928,0
110931,0
111005,1
111026,0
111036,7
111038,1
111039,34
111041,0
111043,0
111048,20
111051,2
111053,9
111057,4
111058,5
111061,0
111063,2
111073,0
111078,40
111082,1
111114,1
111163,0
111195,4
111196,20
111227,11
111266,5
111275,16
111277,0
111283,2
111347,12
111376,0
111422,0
111426,0
111433,0
111438,0
111455,29
111482,15
111494,3
111508,5
111511,0
111524,2
111527,10
111528,5
111621,0
111627,7
111630,45
111783,11
111811,1
111819,0
111828,0
111873,0
111881,3
111893,4
111900,1
111961,37
112022,3
112052,1
112062,0
112302,44
112343,78
112465,2
112515,33
112541,0
112552,1
112617,0
112663,2
112666,1
112668,21
112822,0
112930,16
112935,44
112962,0
112988,3
113036,0
113039,1
113045,2
113133,13
113612,0
113707,56
114060,8
114093,0
114130,0
114282,2
114340,3
114341,1
115333,6
115382,2
115507,2
115763,1
115979,0
115989,0
116088,30
116272,0
116648,0
116655,0
116792,2
116918,0
117432,16
117469,2
117476,2
117478,1
117509,0
117518,0
117549,10
117674,45
117996,1
118008,1
118022,15
118078,0
118161,0
118196,1
118275,0
118278,12
118284,11
118287,15
118303,3
118397,11
118492,0
118534,19
118535,0
118689,9
118732,12
118847,12
118850,1
118940,0
118997,0
119031,8
119037,15
119044,0
119085,1
119104,1
119115,17
119120,0
119150,0
119164,6
119169,4
119194,0
119211,19
119213,9
119228,104
119234,33
119235,73
119269,7
119277,21
119286,0
119296,36
119355,0
119366,3
119369,10
119537,1
119555,0
119557,14
119581,0
119622,1
119878,0
119905,9
120091,0
120095,11
120175,0
120186,0
120189,3
120205,62
120206,0
120211,0
120241,0
120296,0
120443,2
120458,0
120565,23
120610,20
120629,0
120630,0
120651,4
120705,0
120760,0
120785,0
120834,0
121236,0
121257,0
121279,2
121280,8
121324,2
121385,1
121398,0
121402,7
121404,1
121411,0
121477,21
121483,0
121528,0
121686,2
121756,13
121985,5
121990,0
122011,0
122043,0
122116,51
122153,57
122155,83
122223,6
122374,0
122538,0
122582,2
122675,0
122676,0
122695,0
122797,85
122835,2
122840,0
123021,0
123189,0
123261,6
123275,8
123300,0
123305,1
123397,0
123536,0
123551,1
123682,93
123683,1
123742,23
123951,9
124002,1
124028,3
124083,0
124172,1
124173,0
124244,0
124384,0
124410,14
124419,0
124422,0
124441,0
124461,0
124495,0
124502,23
124517,1
124550,0
124555,15
124559,2
124560,4
124715,2
124732,14
124769,1
124785,0
124884,0
124891,0
124901,0
124902,38
124909,0
124911,0
124983,2
125019,3
125020,9
125103,34
125165,3
125172,0
125251,0
125314,5
125409,4
125614,10
125685,2
125714,0
125735,1
125781,168
125783,7
125858,22
125868,3
125931,2
126014,6
126114,0
126214,10
126252,0
126281,6
126285,0
126321,3
126412,0
126413,0
126414,86
126422,12
126516,2
126528,1
126530,1
126534,16
126540,5
126542,6
126552,25
126557,2
126600,2
126625,3
126634,0
126638,2
126643,0
126656,4
126659,1
126662,0
126664,11
126665,20
126673,4
126681,0
126683,3
126687,24
126692,0
126697,0
126699,8
126704,0
126710,16
126711,0
126716,66
126719,6
126722,0
126729,4
126731,0
126737,64
126741,0
126746,0
126748,0
126751,2
126767,1
126796,7
126910,0
126924,1
127032,15
127048,55
127053,1
127073,0
127074,0
127075,0
127076,12
127098,1
127108,13
127128,0
127140,0
127142,16
127143,0
127151,0
127156,48
127160,3
127177,3
127181,0
127182,6
127187,48
127188,0
127189,12
127192,1
127194,12
127202,0
127213,1
127217,0
127457,8
127554,2
127573,3
127610,6
127766,0
127828,0
127837,28
127987,5
128219,2
128220,55
128223,127
128229,10
128287,0
128295,2
128375,1
128488,6
128895,0
128897,23
128899,0
128900,0
128901,7
128904,2
128906,0
128907,3
128909,1
128910,0
128911,0
128912,0
128931,4
128969,0
129078,28
129085,1
129129,71
129248,0
129358,2
129374,0
129386,8
129444,19
129473,19
129476,42
129495,0
129505,11
129513,14
129515,0
129554,0
129561,0
129586,0
129588,9
129593,2
129627,34
129674,5
129679,2
129688,0
129693,1
129753,10
129868,3
129893,3
129990,10
130108,3
130110,0
130164,0
130172,0
130347,0
130348,0
130353,0
130360,37
130365,30
130369,0
130382,2
130388,0
130394,37
130485,7
130756,7
130765,16
131075,23
131090,3
131098,0
131101,9
131102,6
131109,2
131209,0
131225,7
131248,8
131275,15
131480,0
131505,61
131506,3
131561,0
131589,1
131667,4
131694,0
131708,1
131709,4
131731,5
131758,0
131789,110
131827,0
131918,0
131951,40
131978,43
131996,34
132002,0
132056,0
132098,305
132214,0
132323,0
132414,0
132529,0
132921,2
133078,3
133089,1
133179,24
133392,0
133731,4
133794,16
133964,96
134098,2
134270,6
134277,1
134294,61
134369,1
134414,0
134424,1
134425,123
134712,6
134883,20
134936,21
134983,4
135057,1
135208,3
135213,1
135343,21
135490,1
135492,4
135560,0
135617,5
135747,0
135853,27
136054,0
136091,0
136111,0
136133,1
136181,4
136308,0
136401,0
136501,1
136514,9
136589,0
136605,3
136610,5
136647,0
137162,0
137174,5
137438,8
137616,2
137648,1
137669,0
137704,12
137745,0
137841,1
138049,1
138055,2
138110,1
138171,5
138199,3
138292,0
138335,0
138410,0
138584,0
138655,0
138662,1
138800,0
138803,10
138927,11
138935,4
138949,8
139018,5
139169,0
139173,4
139208,28
139278,0
139279,9
139286,0
139304,0
139307,0
139336,1
139396,7
139434,1
139435,17
139440,0
139449,0
139503,11
139607,2
139634,1
139743,0
139895,7
139915,3
139955,6
140082,0
140126,2
140191,2
140206,2
140436,8
140497,2
140559,0
140579,32
140678,0
140748,5
140757,5
140776,46
140803,2
140804,1
140808,0
141050,9
141349,0
141650,0
141654,0
141655,0
141660,29
141828,0
141832,0
141834,31
141835,17
142021,30
142023,1
142027,2
142031,4
142033,0
142281,28
142310,7
142370,0
142419,3
142920,4
143029,5
143039,2
143121,1
143424,18
143559,5
143798,14
143812,29
143863,0
143891,29
144028,46
144128,0
144143,1
144244,0
144303,4
144688,0
144779,10
145115,0
145416,11
145466,2
145581,8
145602,0
145707,15
145769,30
145840,0
145866,17
145918,3
145922,1
145988,68
146096,2
146099,0
146143,2
146155,0
146163,0
146164,18
146227,0
146258,3
146310,13
146373,1
146509,0
146596,0
146660,0
146680,2
146690,2
146693,0
146714,0
146743,1
146752,52
146795,18
146799,1
146805,39
146844,0
146854,198
146889,0
147031,0
147034,1
147038,0
147043,2
147049,0
147051,0
147078,1
147094,5
147359,2
147396,0
147462,0
147483,1
147485,2
147487,19
147573,18
147602,0
147846,1
148004,0
148153,16
148208,0
148209,0
148252,20
148262,12
148355,0
148367,11
148368,44
148396,0
148455,226
148597,0
148607,0
148657,0
148666,1
148690,0
148751,11
148754,1
148928,29
148955,19
148967,6
149231,17
149237,5
149239,0
149249,0
149444,0
149446,12
149498,9
149518,1
149525,4
149526,0
149540,0
149551,3
149577,7
149579,13
149652,0
149716,11
149729,6
149752,1
149829,5
149928,9
149946,2
150948,10
151470,0
151582,0
151636,0
152317,1
152651,1
152733,0
152873,0
152963,45
153022,1
153084,51
153236,3
153238,30
153427,10
153555,1
153628,0
153634,0
153637,4
153661,0
153667,1
153678,1
153739,0
154059,58
154147,2
154171,15
154199,4
154209,0
154396,0
154578,0
154819,0
155025,0
155233,0
155395,1
155423,1
156487,1
156489,0
156501,3
156617,25
156618,0
156639,0
156779,9
156799,0
156808,2
156814,6
156892,0
156934,0
156941,5
156990,3
157036,0
157058,0
157167,0
157368,3
157373,1
157484,0
157490,1
157491,0
157494,0
157495,6
157500,4
157501,60
157506,22
157507,6
157509,17
157635,50
157672,1
157849,1
158049,0
158057,1
158071,0
158463,3
158623,0
158697,1
158703,0
158704,0
158764,9
158791,3
158795,8
158810,7
158849,0
158863,19
159026,2
159037,0
159088,19
159098,4
159142,0
159162,0
159239,6
159288,2
159337,38
159372,55
159471,98
159522,0
159622,0
159692,0
159720,0
159773,0
159778,0
159844,0
159883,8
159902,2
160080,1
160182,0
160217,0
160222,0
160241,3
160285,12
160348,0
160357,1
160380,0
160404,1
160438,1
160471,0
160506,0
160560,5
160561,3
160668,4
160670,0
160736,0
160825,0
160910,0
160929,0
160938,13
160943,5
160954,0
160963,0
160968,1
160971,0
160986,2
161011,41
161056,31
161060,5
161072,0
161079,0
161204,0
161267,0
161411,0
161549,0
161851,0
161869,14
162027,0
162029,2
162038,40
162043,0
162056,23
162063,0
162074,3
162079,2
162434,9
162551,0
162569,7
162652,0
162812,2
162952,0
162959,12
162961,6
163048,0
163053,1
163062,0
163086,3
163187,0
163216,1
163222,51
163223,0
163489,1
163568,0
163582,1
163600,0
163639,5
163647,0
163654,1
163656,0
163683,16
163690,1
163724,0
163744,5
164055,0
164091,1
164108,1
164230,18
164231,0
164236,0
164265,13
164277,0
164451,1
164477,0
164478,0
164534,0
164759,1
164770,9
164771,51
164816,0
164897,12
164904,0
164912,5
164913,4
164915,0
164928,0
164937,8
165007,16
165008,0
165012,2
165331,0
165351,0
165381,0
165400,1
165467,0
165472,0
165513,5
165531,0
165722,3
165724,2
165793,25
165873,3
165894,0
165895,54
165900,8
166237,15
166240,9
166601,16
166630,0
166666,0
166677,2
166683,5
167093,0
167105,5
167189,0
167228,0
167268,0
167291,10
167329,94
167342,5
167393,0
167444,4
167472,0
167491,1
167721,38
167727,116
167741,9
167791,0
167796,4
167798,1
167799,18
167850,87
167859,6
167895,3
168063,0
168088,0
168157,11
168337,2
168416,1
168471,2
168536,0
168543,12
168678,0
168797,0
168933,4
168944,2
168959,2
168989,14
169052,0
169090,0
169179,0
169249,0
169497,0
169511,0
169533,5
169555,4
169801,2
169841,2
169880,20
170321,3
170322,0
170459,0
170460,3
170463,3
170468,0
170472,5
170475,0
170478,3
170481,7
170487,0
170495,1
170506,0
170516,0
170517,0
170522,0
170523,0
170527,114
170530,0
170544,3
170646,2
170767,1
170838,1
170895,3
170903,0
170911,0
170916,2
170927,4
170929,3
170930,0
170934,15
170938,2
170953,33
170957,0
170961,5
170962,0
170963,0
170966,1
170968,0
170976,0
170979,0
170986,50
170994,1
171068,0
171159,2
171165,0
171167,15
171209,21
171234,0
171260,0
171307,0
171336,0
171362,1
171376,0
171399,1
171408,11
171410,1
171424,82
171557,0
171679,14
172015,0
172127,0
172128,0
172142,2
172153,1
172168,0
172181,3
172333,0
173483,0
173491,19
173504,11
173589,0
173832,0
173859,22
173900,7
174089,1
174094,41
174196,19
174304,0
174344,12
174488,0
174694,36
174706,3
174733,3
174835,3
174859,0
174915,22
175014,9
175169,5
175323,4
175446,9
175449,25
175639,17
175709,0
175722,15
175745,0
175787,0
175792,0
175836,0
175914,0
175921,2
175961,0
176067,3
176130,0
176133,1
176139,6
176140,5
176285,6
176298,0
176485,2
176514,1
176553,15
176591,0
176936,0
177046,3
177065,27
177231,0
177321,0
177452,12
177467,121
177476,18
177690,2
177779,18
177781,0
177843,129
177847,22
177859,1
177862,1
177907,15
178019,0
178024,0
178107,4
178187,3
178313,14
178314,0
178425,3
178459,46
178540,0
178614,13
179184,53
179408,1
179451,0
179634,2
179635,8
179638,0
179643,22
179757,0
179806,2
179895,0
180091,0
180337,8
180704,1
180805,1
181112,0
181136,49
181373,0
181375,43
181378,88
181380,2
181382,23
181477,15
181547,19
181579,57
181619,0
181687,0
181767,26
181768,13
181778,6
181779,0
181781,0
182201,1
182312,1
182323,3
182381,2
182574,12
182579,5
182581,5
182618,12
182712,13
182752,0
182811,0
182813,0
182814,0
182875,5
182877,74
182889,25
182891,0
182893,33
182894,4
182898,0
182903,0
182904,9
182906,0
182910,1
182913,45
182916,49
182923,0
182932,12
182962,0
182963,4
183029,0
183031,3
183286,0
183288,3
183293,0
183299,6
183302,0
183318,10
183321,3
183334,24
183494,0
183647,6
183720,20
183780,2
183841,1
184129,1
184133,0
184204,0
184218,0
184381,1
184398,0
184473,0
184491,11
184528,2
184573,4
184575,1
184672,27
184767,3
184779,1
184816,3
184892,107
184894,14
184915,0
184922,4
184935,21
185077,73
185164,2
185245,38
185427,0
185570,1
185593,8
185699,0
185939,0
186186,21
186233,0
186260,1
186368,8
186383,0
186399,2
186477,0
186557,0
186590,11
186644,5
186664,0
186796,1
186862,3
186891,0
186901,0
186988,13
186997,5
187047,0
187090,0
187097,3
187105,2
187245,1
187285,1
187384,1
187392,4
187491,2
187492,76
187496,0
187499,2
187530,0
187587,47
187624,0
187674,0
187718,0
187759,0
187847,15
187896,0
188077,4
188157,0
188335,0
188338,0
188436,0
188498,1
188501,2
188651,0
188838,2
188853,1
188854,21
188862,0
188888,23
188915,0
188930,0
189070,1
189073,0
189283,0
189340,0
189410,1
189441,58
189452,0
189453,4
189458,4
189475,1
189525,0
189735,0
189740,1
189744,0
189940,11
190206,0
190263,0
190269,0
190280,0
190284,18
190289,11
190333,2
190338,3
190393,49
190634,2
190685,6
190780,48
190786,0
190804,2
190831,1
190911,0
191056,0
191182,0
191217,9
191359,0
191407,3
191422,15
191614,8
191866,0
191891,67
191895,1
191903,1
191987,1
192009,11
192080,0
192167,1
192169,1
192266,0
192279,0
192294,0
192300,0
192347,0
192492,0
192557,0
192565,76
192611,0
192616,2
192635,15
192637,0
192638,1
192735,3
192736,6
192765,11
192774,28
192875,1
192886,0
193004,10
193006,0
193033,30
193050,0
193082,18
193098,8
193116,20
193130,13
193142,0
193153,0
193256,0
193469,2
193515,7
193534,0
193584,0
193593,0
193782,43
193784,1
193830,2
193859,1
193867,2
193877,0
193900,15
193938,38
194218,1
194460,1
194549,33
194638,16
195002,0
195051,0
195171,21
195199,0
195246,2
195332,0
195335,0
195488,0
195605,3
195633,1
195652,4
195676,0
195680,0
195736,7
195778,0
195781,0
195782,2
195810,6
195906,0
196084,1
196095,29
196139,3
196227,2
196231,8
196316,0
196357,17
196382,0
196435,0
196522,26
196524,0
196722,0
196770,0
196792,6
196793,3
196813,0
196815,0
196829,0
196834,0
196836,0
196948,8
197122,2
197126,10
197131,0
197135,2
197300,24
197333,0
197470,11
197471,18
197473,6
197482,0
197491,2
197545,10
197576,0
197602,0
197642,3
197693,0
197743,0
197744,0
197745,0
197747,15
197751,6
197838,150
197857,3
197860,0
197929,0
198006,0
198008,78
198027,1
198047,0
198067,3
198086,3
198087,0
198116,27
198400,0
198473,3
198495,0
198513,0
198516,1
198529,0
198589,0
198613,0
198619,0
198709,2
198728,0
198873,0
198976,0
199132,0
199134,0
199221,0
199243,0
199248,31
199258,49
199274,2
199297,0
199299,0
199321,0
199330,0
199369,37
199527,22
199528,3
199633,1
199704,13
199733,14
199758,0
199763,0
199927,1
199941,0
199953,9
199976,0
200041,0
200056,3
200127,0
200174,2
200185,1
200188,7
200194,1
200320,0
200512,118
200525,0
200558,2
200612,0
200777,3
200782,0
201040,26
201135,0
201311,3
201497,1
201574,0
201734,0
201737,7
201861,0
202035,4
202228,5
202278,21
202318,12
202591,7
202886,19
202925,1
202979,0
202984,8
203026,0
203043,12
203055,0
203057,0
203108,0
203123,14
203324,0
203348,7
203378,2
203394,18
203412,19
203460,29
203464,0
203470,0
203496,75
203504,5
203507,29
203516,0
203517,0
203532,0
203540,0
203617,0
203655,0
203746,6
203761,1
203764,0
203778,0
203784,0
203842,3
203853,2
203938,5
204047,6
204069,10
204072,1
204097,0
204102,0
204103,14
204195,0
204198,11
204294,7
204347,0
204354,0
204585,1
204987,0
205006,1
205023,0
205054,1
205179,0
205465,0
205497,1
205503,3
205519,0
205550,0
205562,27
205569,2
205587,15
205646,1
205657,0
205677,0
205809,3
205938,61
205940,9
206040,67
206050,131
206225,4
206386,5
206542,38
206717,0
206746,4
206808,0
206912,10
206947,3
207006,2
207014,6
207015,2
207037,0
207302,0
207578,0
207590,0
207592,0
207597,3
207715,6
207742,1
207834,1
207877,33
207917,12
207922,0
207924,13
207929,51
207943,0
208116,0
208166,0
208167,10
208172,1
208244,0
208379,0
208542,0
208690,1
208715,2
208890,11
208905,0
209048,0
209212,14
209513,0
209649,1
209686,0
209781,12
209936,0
209990,0
210081,3
210142,0
210143,4
210153,0
210178,3
210363,18
210983,0
211251,20
211325,2
211389,0
211395,0
211397,0
211474,6
211637,2
211722,0
212391,50
212420,0
212718,0
212723,15
212804,9
212829,0
212847,6
212862,0
212867,0
212899,0
212937,5
213052,0
213260,32
213268,2
213368,5
213590,0
213595,0
213614,3
213670,6
213751,2
213841,1
213911,0
214056,2
214104,3
214219,0
214316,10
214346,1
214532,15
214576,0
214666,1
214770,0
214775,9
214928,1
215089,0
215099,0
215114,1
215118,7
215390,0
215528,0
215599,12
215616,18
215649,1
215652,1
215653,1
215677,0
215679,7
215686,3
215810,0
215864,3
215876,9
215977,48
216118,1
216179,13
216181,7
216240,3
216259,0
216375,0
216426,31
216443,0
216463,0
216464,17
216499,1
216508,2
216569,36
216597,0
216599,3
216714,0
216804,2
216870,2
216872,1
217111,6
217115,44
217144,2
217149,0
217285,0
217593,0
217684,0
217728,10
217886,0
218011,1
218058,0
218067,0
218087,1
218118,0
218140,0
218144,0
218299,1
218306,1
220656,1
220755,1
220793,1
220805,0
220878,13
221025,14
221076,0
221150,1
221151,4
221309,13
221311,3
221315,0
221316,30
221321,5
221322,8
221540,0
221611,0
221624,0
221658,0
221815,0
221873,1
221899,45
221958,3
221986,0
222209,0
222223,0
222571,0
222805,3
222813,9
222855,1
222859,34
222876,8
223047,0
223053,1
223068,10
223073,0
223441,0
223560,4
223572,2
223725,47
223779,0
223781,0
223890,0
223967,15
223972,0
223974,10
223979,6
224088,3
224884,1
225004,9
225015,1
225020,25
225043,0
225055,0
225083,14
225122,42
225161,21
225335,2
225452,0
225462,1
225591,0
225593,27
225657,12
225693,31
225873,14
225874,0
225963,2
225984,14
226005,0
226006,0
226009,2
226012,0
226025,9
226049,0
226073,0
226074,5
226085,1
226093,1
226097,0
226261,1
226273,0
226276,0
226288,0
226450,1
226524,13
226964,0
226965,0
226968,0
226973,4
227039,0
227081,41
227084,1
227085,0
227087,0
227102,0
227110,5
227183,1
227185,0
227240,2
227347,0
227356,0
227511,0
227805,0
227961,37
227965,0
227967,0
227974,0
228433,7
228434,0
228444,2
228584,1
228604,1
228645,68
228761,11
228891,0
228900,0
228917,2
228948,13
228975,0
228999,1
229004,56
229005,4
229006,33
229007,0
229012,0
229604,0
229695,0
229804,11
229817,0
229826,0
229853,2
229970,0
230058,0
230066,0
230140,1
230166,2
230210,0
230221,2
230222,1
230457,0
230485,0
230541,22
230552,9
230611,2
230784,25
230818,0
230826,0
230895,0
231011,0
231025,3
231378,0
231381,0
231572,3
231586,0
231590,0
231614,0
231916,0
231941,6
232144,6
232271,33
232320,2
232418,23
232454,37
232463,1
232854,0
232859,0
232895,11
232964,0
233124,3
233654,0
233782,2
233998,0
234006,1
234029,23
234189,8
234193,0
234249,0
234375,4
234509,0
234523,68
234625,0
234781,43
234802,29
234803,11
234811,0
234880,0
235371,0
235412,1
235413,2
235540,3
235931,8
236041,3
236045,35
236202,0
236400,6
236414,3
236471,0
236490,7
236510,0
236513,0
236734,0
236783,0
236953,0
236956,0
236966,1
236981,4
237000,0
237125,8
237162,1
237164,45
237226,3
237456,0
237466,0
237499,1
237617,5
237658,2
237662,57
237666,0
237669,2
237732,0
238032,0
238185,2
238223,0
238266,8
238291,1
238407,74
238486,0
238537,0
238584,0
238585,0
238626,6
238628,0
238630,1
238639,54
238654,1
238716,0
238717,0
238720,0
238752,55
238809,1
238865,0
238868,6
238947,0
238951,0
238977,0
238981,0
238993,0
239099,2
239570,0
239647,6
239743,19
239802,15
239934,0
239941,1
239949,0
239962,3
239972,0
240039,0
240077,0
240158,2
240197,0
240219,0
240244,1
240252,0
240260,0
240274,1
240306,77
240349,1
240360,0
240365,0
240408,0
240414,0
240415,0
240497,0
240675,0
240692,3
240786,6
240889,0
240892,1
240897,2
240900,0
240934,4
240955,0
240958,2
241076,15
241109,1
241119,21
241162,0
241229,7
241231,0
241307,2
241325,0
241391,1
241457,0
241477,0
241481,2
241501,2
241527,29
241641,69
241889,0
241923,0
242063,4
242078,0
242086,97
242235,0
242273,4
242295,0
242301,0
242359,0
242497,5
242532,7
242548,9
242606,4
242631,35
242632,0
242638,4
242661,3
242813,0
242827,0
242940,8
242965,0
243028,9
243188,4
243225,1
243239,2
243541,18
243589,0
243606,12
243714,46
243725,0
243737,0
243760,3
243856,2
243879,2
244061,0
244125,0
244130,0
244192,0
244275,1
244338,0
244927,0
244940,2
245014,23
245030,1
245034,1
245048,0
245056,15
245072,10
245078,13
245083,0
245134,0
245537,20
245625,0
245744,16
245805,0
245893,0
246204,4
246277,5
246291,16
246335,0
246579,1
246877,0
246963,11
246968,78
247189,0
247250,14
247300,0
247366,2
247377,4
247380,0
247459,7
247555,3
247647,0
247652,8
247661,1
247915,0
248045,3
248054,0
248213,0
248330,3
248333,0
248454,0
248732,2
248738,0
248999,43
249089,1
249126,2
249157,5
249303,0
249356,0
249459,0
249471,0
249513,3
249552,0
249565,31
249636,5
249730,14
249873,0
249952,1
249994,0
250010,0
250013,23
250030,0
250153,2
250426,7
250431,0
250478,3
250683,0
250779,8
250844,5
250845,5
250937,0
251058,0
251075,7
251106,56
251289,0
251295,0
251299,0
251302,4
251303,8
251309,6
251322,0
251664,36
251680,1
251813,4
251845,4
251846,0
251848,2
251876,6
251878,7
251883,0
251888,0
251892,0
251896,2
251897,12
251912,2
252345,3
252641,12
252667,0
252677,77
252688,0
252755,0
252767,6
252779,0
253125,0
253267,0
253316,0
253341,2
253677,6
253765,2
253839,9
253842,8
253857,0
253892,0
254037,0
254039,0
254290,0
254358,0
254476,0
254934,1
255220,11
255284,1
255294,0
255322,0
255450,13
255461,0
255473,0
255488,3
255493,0
255495,1
255501,3
255508,84
255653,63
255729,0
255731,0
255744,7
255755,0
255788,0
255838,7
255892,0
255901,45
255906,0
255916,2
255930,0
255942,26
255984,0
255995,0
256008,0
256120,0
256178,0
256267,53
256339,0
256358,0
256361,21
256429,24
256448,18
256567,0
256678,0
256680,8
256866,0
256902,1
256977,12
256996,0
257062,30
257118,0
257376,6
257388,0
257448,15
257455,10
257459,0
257462,42
257474,0
257660,0
257732,12
257751,7
257805,1
257814,0
257831,0
257851,4
257968,0
258004,5
258011,0
258027,10
258039,4
258188,2
258216,0
258254,4
258364,0
258374,0
258475,0
258482,0
258519,0
258827,0
258878,4
258879,0
258883,2
258885,0
258886,0
258889,41
258912,0
258916,1
258917,0
258919,0
258923,93
258924,0
258987,2
259025,2
259350,15
259930,1
259953,9
260053,0
260166,29
260230,0
260316,4
260655,7
260806,12
260827,5
260841,0
261056,0
261095,0
261155,2
261357,0
261406,0
261502,0
261503,1
261504,12
261611,1
261738,0
261905,23
261927,1
261963,0
261988,0
262117,0
262226,11
262300,0
262365,16
262391,0
262396,0
262523,9
262545,0
262597,0
262608,8
262689,0
262749,0
262939,3
262980,10
263027,0
263183,3
263214,0
263236,7
263267,0
263294,0
263361,2
263380,0
263482,3
263627,1
263685,0
263727,18
263801,1
263804,0
263843,0
263856,13
263860,4
263918,35
263951,1
264046,0
264116,7
264140,0
264199,0
264220,0
264372,18
264514,0
264567,5
264956,14
264960,2
265077,0
265078,29
265088,15
265127,0
265132,0
265209,0
265254,0
265471,0
265504,10
265569,3
265625,3
265763,0
266302,57
266359,54
266795,20
266807,68
267101,0
267147,1
267160,2
267420,0
267614,0
267676,0
268176,0
268178,3
268327,0
268426,0
268429,8
268506,0
268555,4
268670,3
268946,0
268949,0
268957,0
268958,1
269601,0
269878,24
270027,0
270051,12
270171,10
270188,1
270393,13
270410,0
270411,18
270541,107
270646,1
270901,1
271021,0
271256,2
271390,0
271446,0
271451,0
271455,2
271787,0
271966,3
271988,0
272261,31
272278,22
272549,0
272587,2
272622,13
272631,1
272633,0
272636,3
272638,0
272640,0
272642,26
272644,1
272679,1
272812,3
272855,4
272999,23
273000,2
273054,0
273132,41
273152,9
273236,1
273438,0
273669,6
273773,0
273824,1
273980,0
274347,1
274461,5
274484,0
274571,0
274771,0
274839,7
274862,37
274958,0
275028,0
275218,0
275249,4
275303,6
275361,3
275423,1
275512,1
275590,5
275682,0
276111,1
276255,17
276768,1
276895,0
276896,7
277033,11
277093,11
277111,1
277114,6
277118,0
277137,1
277167,12
277179,9
277268,0
277335,1
277384,3
277533,7
277635,2
278166,0
278296,10
278323,1
278332,22
278343,4
278357,0
278359,78
278531,5
278553,0
278578,2
278651,0
278796,0
278837,17
278992,0
279009,24
279064,0
279079,1
279455,28
279457,0
279529,0
279570,3
279657,0
279823,6
280178,0
280239,1
280387,11
280575,12
280701,8
280730,4
280795,0
281319,9
281404,9
281755,4
281769,11
281900,0
281963,2
281989,5
281990,0
282006,0
282028,0
282041,1
282058,14
282076,0
282144,2
282169,1
282199,0
282250,2
282349,0
282371,4
282388,73
282406,1
282410,1
282411,24
282421,3
282429,4
282434,0
282544,4
282577,2
282660,9
282671,0
282672,1
282694,2
282700,1
282721,0
282722,3
282724,0
282727,3
282810,12
282900,5
282939,0
283001,2
283060,0
283127,2
283135,0
283136,1
283140,0
283141,1
283170,0
283196,24
283223,2
283227,2
283233,0
283286,0
283489,0
283497,6
283528,12
283628,40
283735,40
283863,0
283871,1
283994,74
284010,15
284035,0
284118,0
284165,7
284177,0
284188,0
284248,1
284270,0
284342,0
284430,0
284454,0
284595,5
284724,1
284727,25
284730,8
284732,25
284737,1
284769,0
284854,8
284857,12
284872,0
284884,18
285033,0
285322,1
285323,8
285548,3
285551,0
285771,1
285845,4
285920,0
285951,0
285957,0
286005,0
286047,0
286259,0
286297,49
286378,0
286384,2
286415,0
286596,0
286779,2
286841,0
286849,0
286919,0
286949,7
287167,1
287178,0
287188,8
287307,0
287367,0
287431,6
287579,2
287600,0
287635,1
287636,0
287638,0
287648,0
287663,2
287700,5
287717,0
287863,0
287871,0
287875,0
287876,2
287920,10
288225,52
288230,74
288237,0
288241,2
288248,0
288251,0
288253,3
288255,5
288318,20
288323,0
288340,17
288371,0
288415,0
288429,3
288454,0
288480,0
288496,10
288499,0
288506,0
289061,2
289065,0
289087,0
289167,0
289182,7
289216,0
289236,6
289241,0
289255,1
289257,7
289272,0
289286,1
289287,0
289432,1
289433,0
289446,11
289507,0
289510,2
289587,10
289592,7
289802,5
289835,23
289844,1
289846,0
290017,7
290032,0
290249,21
290256,9
290273,1
290346,0
290532,23
290533,2
290537,0
290540,0
290549,0
290551,5
290552,0
290559,0
290561,14
290569,0
290577,0
290587,30
290593,6
290595,0
290605,0
290733,0
290746,3
290754,0
290770,0
290788,0
290862,8
290872,0
290876,0
290928,1
290951,4
291110,23
291111,0
291128,0
291140,7
291178,2
291200,10
291222,3
291247,0
291266,6
291276,0
291392,0
291400,1
291417,6
291422,9
291432,0
291544,0
291739,22
291856,0
292139,4
292246,24
292417,20
292422,0
292534,3
292772,1
292808,7
292813,0
292818,41
292820,0
292822,3
293168,0
293169,25
293194,3
293200,14
293210,1
293281,16
293283,0
293385,34
293388,0
293450,0
293569,6
293592,0
293944,5
294057,56
294321,0
294534,3
294568,0
294791,1
294798,0
294808,42
294873,0
294894,2
294895,0
295060,1
295065,0
295183,8
295313,39
295330,42
295331,13
295360,0
295414,0
295622,1
295630,3
296227,0
296340,0
296345,0
296356,0
296359,4
296378,0
296397,8
296422,1
296428,0
296622,50
296741,0
296783,9
296802,0
296879,12
296986,2
297070,7
297194,0
297212,3
297583,18
297645,0
297648,0
297731,0
297784,0
297785,0
298091,0
298197,0
298276,0
298477,16
298575,6
298583,5
298589,8
298602,2
298603,0
298607,1
298613,0
298635,7
298975,9
298976,64
298983,6
299715,0
300168,11
300508,0
300532,3
300716,4
301236,5
301237,0
301238,0
301240,0
301841,0
302215,21
302371,9
302991,2
303116,12
303140,6
303187,0
303219,5
303248,0
303254,7
303259,52
303402,0
303406,0
303412,0
303414,2
303657,0
304144,0
304250,0
305274,0
305947,21
305956,1
305957,0
306024,67
306166,19
306186,0
306191,1
306382,0
307052,9
307058,1
307183,3
307512,0
307519,1
307781,0
307805,0
307807,0
307924,10
308133,6
308256,0
308278,7
308279,23
308371,0
308428,0
308432,0
308439,0
308552,0
308632,0
308801,5
308989,2
309007,0
309110,41
309180,0
309393,1
309397,0
309400,77
309841,0
309929,0
309944,2
310458,2
310527,0
310662,1
310796,0
311044,4
311178,4
311277,0
311287,0
311333,1
311489,0
311680,0
311696,0
312017,2
312239,0
312314,3
312678,0
312735,0
312773,0
312819,0
312862,0
313094,2
313113,0
313477,2
313830,1
314183,5
314210,6
314241,1
314266,0
314280,0
314288,22
314295,2
314353,18
314366,0
314367,1
314398,28
314678,26
314862,0
314875,64
314912,2
314940,11
314944,3
314959,0
314965,1
315054,0
315063,6
315110,75
315121,0
315125,8
315131,0
315145,3
315185,0
315253,0
315283,0
315289,12
315291,1
315312,0
315332,5
315563,0
315568,0
315604,2
315762,1
315779,64
315843,1
315846,0
315850,3
315852,0
315853,6
315858,0
315862,1
315865,56
315867,47
315870,0
315969,37
316111,1
316125,13
316137,5
316264,38
316419,3
316551,0
316575,0
316760,0
316884,0
316889,23
316915,0
316934,4
317057,0
317482,3
317735,0
317740,1
317753,0
317806,6
318077,13
318204,9
318470,0
318507,0
318508,1
318520,0
318523,9
318528,80
318707,0
319131,0
319160,18
319171,0
319301,12
319541,0
319745,7
319859,10
319900,10
320141,5
320213,0
320259,0
320263,0
320271,3
320411,13
320466,0
320748,1
321070,4
321079,1
321096,0
321247,18
321528,18
321629,0
321647,16
322065,0
322075,0
322305,7
322351,0
322397,0
322517,0
322655,1
322702,0
322917,1
322985,4
323147,4
323167,4
323169,0
323255,0
323379,1
323704,21
323740,0
323831,16
323872,1
323934,0
323954,6
324182,0
324223,0
324278,44
324282,3
324321,0
324344,0
324351,1
324358,75
324377,2
324475,0
324635,0
324690,24
324727,0
324760,0
324795,23
324803,0
324804,17
324806,0
324811,34
324819,0
324829,0
324851,0
324861,2
324882,0
324946,0
325223,34
325887,0
325924,0
325993,0
326029,44
326031,16
326204,0
326300,7
326330,12
326416,2
327126,4
327251,23
327326,0
327536,0
327757,45
327863,1
328480,11
328609,0
328658,3
328770,0
328784,12
328914,1
329145,11
329221,0
329373,2
329517,2
329723,3
329812,2
329813,0
329814,0
330085,0
330126,2
330208,2
330223,6
330269,0
330289,0
330352,3
330472,0
330635,1
330659,37
331362,1
331389,1
331401,7
331467,0
331496,4
331498,1
331505,9
331511,2
331514,1
331560,5
331575,0
331634,0
331726,56
331779,0
331977,0
332134,0
332142,0
332179,21
332305,3
332341,6
332560,9
332612,7
332697,19
332705,1
332798,21
332889,14
333014,3
333175,0
333241,31
333347,0
333361,1
333383,0
333450,0
333516,1
333647,50
333694,0
333802,32
333903,1
334006,0
334042,0
334186,0
334207,2
334213,2
334221,3
334222,37
334526,24
334835,9
334999,0
335003,0
335103,7
335147,5
335209,4
335216,0
335221,0
335225,4
335245,3
335457,54
335516,1
335541,0
335631,0
335721,6
335993,1
335997,0
336012,1
336077,0
336103,0
336125,5
336168,0
336307,0
336331,0
336367,0
336382,0
336646,0
336704,0
336731,0
336747,1
336828,1
336869,8
336960,1
337036,2
337066,5
337070,0
337092,0
337284,0
337310,0
337321,0
337333,0
337381,1
337670,0
337715,14
337716,2
337725,18
337787,0
337798,1
337800,0
337811,0
337922,4
337946,1
338032,1
338070,0
338101,0
338285,3
338424,28
338425,40
338629,11
338635,0
338637,0
338668,0
338670,0
338672,0
339314,48
339332,1
339340,0
339501,0
339556,3
339699,2
339707,0
339782,0
339808,33
339816,12
339820,6
339829,5
339943,7
339982,0
340070,2
340075,0
340151,2
340166,0
340177,0
340205,33
340206,0
340321,4
340322,8
340324,24
340325,12
340328,30
340329,15
340339,1
340353,0
340376,4
340394,9
340456,1
340459,2
340460,0
340480,0
340521,0
340700,0
340707,2
340853,3
340867,1
340870,0
340879,5
340918,0
340950,63
340982,1
341051,3
341092,49
341110,4
341227,6
341230,0
341263,2
341264,5
341272,1
341278,9
341317,14
341393,0
341396,1
341429,3
341501,1
341647,28
341705,16
341710,3
341713,0
341942,0
342039,1
342046,1
342048,2
342202,0
342209,0
342212,0
342216,0
342226,25
342227,0
342229,245
342230,0
342364,1
342383,0
342385,6
342405,20
342472,0
342702,1
342877,0
342878,0
342966,0
342967,9
343052,62
343273,0
343337,4
343463,18
343475,0
343537,39
343945,1
343959,5
343963,0
344009,2
344015,0
344069,9
344072,3
344151,1
344152,29
344158,0
344381,66
344393,1
344575,9
344576,3
344591,0
344592,0
344595,0
344596,3
344598,5
344599,2
344600,3
344605,1
344607,4
344610,0
344677,0
344695,9
344806,0
344830,4
344864,2
344869,6
344886,4
344888,57
344892,9
345041,0
345083,0
345084,2
345189,1
345437,0
345449,0
345458,0
345468,2
345473,0
345536,0
345590,13
345654,0
345748,0
345780,0
345886,25
345911,4
346018,1
346289,12
346291,3
346314,9
346332,1
346478,0
346482,0
346483,32
346499,6
346546,0
346551,0
346561,5
346562,0
346567,1
346707,11
346766,0
346779,34
346849,2
346853,12
346890,11
346900,0
347100,2
347253,14
347594,1
347595,4
347895,0
347900,2
347913,0
348026,10
348214,0
348425,0
348431,0
348601,3
348623,3
348778,0
348791,13
348795,29
348863,1
349066,89
349433,1
349503,1
349530,0
349599,6
349701,0
349719,0
349836,3
349856,1
349873,0
349884,0
350219,30
350357,0
350364,0
351072,0
351478,97
351506,0
351746,2
351749,1
351755,1
351809,6
351816,7
351843,2
351892,0
351955,7
352017,0
352041,0
352392,2
352393,0
352567,0
353032,5
353108,0
353204,0
353205,0
353211,4
353365,11
353366,10
353395,0
353399,30
353403,3
353404,15
353796,9
353826,2
353892,4
353922,2
353948,11
353959,0
353998,0
354136,0
354232,0
354278,0
354340,0
354352,5
354361,15
354362,11
354482,6
354609,0
354666,4
354697,0
354726,29
354741,25
354814,38
354909,1
355104,0
355335,0
355336,0
355369,16
355370,1
355501,3
355624,0
355627,7
355628,3
355641,4
355689,1
355816,6
355861,21
355915,16
355924,0
356118,1
356141,22
356197,14
357003,6
357047,0
357072,11
357117,0
357119,4
357147,4
357156,1
357158,0
357162,0
357164,72
357176,0
357233,11
357498,90
357565,27
357628,6
357656,0
357658,0
357662,21
357770,0
357796,2
357884,2
357885,39
357967,0
357992,2
357995,0
358008,10
358025,0
358032,11
358115,0
358143,2
358165,0
358166,19
358250,3
358504,31
358505,0
358508,0
358509,2
358515,2
358870,0
358981,0
358985,0
359210,0
360518,29
361065,8
361068,9
361081,0
361093,6
361104,2
361254,39
361256,0
361260,16
361508,0
361516,0
361575,0
361914,13
362086,22
362108,4
362184,0
362344,0
362809,0
362835,0
362842,6
362977,2
363057,3
363178,0
363205,78
363223,0
363424,0
363541,0
363610,0
363717,0
364133,12
364135,64
364206,0
364232,0
364233,0
364234,0
364237,2
364239,11
364240,0
364245,1
364258,2
364409,3
364525,1
364603,4
364827,0
364857,1
364861,1
364938,0
365108,11
365172,10
365451,0
365565,0
365770,0
365952,1
366045,3
366930,2
366948,0
367195,0
367284,7
367464,0
367466,1
367992,2
368482,72
368559,1
368582,0
368860,0
368887,55
368891,9
369081,23
369267,1
369316,1
369567,24
369674,9
369684,11
369962,0
370683,3
370691,1
370701,0
370789,9
370791,3
370846,14
370998,0
371000,1
371003,1
371013,0
371021,0
371141,2
371142,7
371145,0
371149,13
371150,0
371174,0
371256,9
371371,5
371436,1
371554,0
371686,0
371814,1
371816,0
371851,5
371998,66
372051,0
372240,0
372246,30
372267,0
372445,0
372711,20
372712,7
372713,2
372720,0
372809,1
373373,9
373379,0
373433,0
373683,0
373714,0
373899,0
373916,1
373939,0
374040,2
374077,2
374081,0
374082,0
374139,8
374283,0
374418,0
374889,0
374954,5
375137,4
375382,4
375391,2
375816,0
375857,0
375877,0
375881,0
375885,2
376082,0
376211,0
376514,5
376588,0
376856,0
377042,7
377219,5
377243,1
377387,9
377393,36
377468,2
377641,1
377665,0
377729,3
378139,9
378293,17
378463,1
378630,0
378710,73
378883,0
378953,2
378954,3
378965,0
379163,0
379168,1
379548,0
379742,0
379807,2
379869,0
379961,0
379980,0
380350,0
380415,0
380598,14
381156,0
381187,5
381248,0
381362,5
381706,0
381724,3
381753,0
381950,19
381963,0
381967,5
382007,0
382478,0
382554,0
382774,0
383109,0
383153,0
384060,14
384461,0
384553,2
384593,23
384745,0
384859,8
385084,0
385105,0
385271,0
385394,2
385817,0
385848,0
385918,0
386047,11
386057,2
386315,0
386446,5
386455,9
386552,10
386574,0
386685,0
386726,15
386755,0
386786,0
386914,5
386967,1
387017,0
387047,12
387106,17
387110,1
387129,2
387191,0
387234,10
387331,1
387626,44
387687,3
388029,0
388058,0
388125,0
388160,0
388165,56
388198,15
388266,0
388294,0
388363,1
388382,6
388409,2
388512,0
388513,1
388516,0
388545,3
388795,0
388820,0
389253,0
389441,0
389837,1
390159,0
390160,1
390163,0
390177,10
390304,0
390638,10
390664,0
390688,2
390823,0
390944,0
391004,31
391005,2
391065,29
391192,0
391332,0
391346,0
391376,1
391498,0
391719,3
391720,1
391742,0
391766,9
391780,3
391933,0
392085,22
392131,0
392139,0
392156,0
392163,2
392179,0
392276,0
392500,0
392514,0
392516,0
392538,16
392545,3
392569,3
392570,0
392591,4
392710,1
392757,8
392763,0
392765,21
392767,2
392768,17
392770,7
392771,1
392775,12
392777,0
392810,22
392881,0
392956,5
392959,14
392966,10
393238,20
393239,0
393321,1
393323,7
393325,13
393436,0
393512,4
393621,4
393804,1
393904,0
394033,5
394152,0
394236,0
394285,0
394300,22
394304,1
394327,5
394328,0
394330,0
394346,3
394694,0
394906,1
395083,1
395122,0
395234,2
395236,11
395237,9
395242,7
395251,0
395295,0
395447,0
395512,2
395516,39
395519,1
395522,7
395523,4
395602,0
395671,0
395674,0
395685,0
395693,34
395694,0
395695,1
395805,0
395870,0
395928,0
396107,0
396115,0
396131,0
396174,1
396324,0
396328,0
396333,0
396334,0
396340,0
396516,0
396638,7
396681,0
396682,1
396894,52
397033,13
397099,0
397102,0
397171,0
397225,4
397486,6
397676,0
397696,0
397896,0
397950,0
398030,0
398065,54
398073,35
398131,0
398159,0
398163,1
398184,52
398402,1
398738,0
398808,1
398809,0
398886,0
399273,0
399357,0
399369,0
399382,0
399383,13
399434,11
399543,28
399551,0
399775,0
399776,12
399779,0
399780,0
399887,0
399907,0
400001,0
400131,1
400485,19
400489,19
400536,0
400546,2
400680,1
400831,0
401173,52
401320,3
401356,1
401521,0
401527,3
401529,2
401530,9
401571,1
401578,11
401583,0
401624,3
401639,0
401717,0
401836,4
401920,0
401922,28
401923,78
401935,3
402002,0
402004,0
402008,12
402117,2
402193,1
402733,1
403151,0
403808,0
403845,0
403898,0
404260,1
404384,2
404418,0
404584,0
404688,2
404839,0
404842,4
404950,0
405385,1
405389,0
405393,1
405397,15
405398,29
405399,0
405564,0
405670,3
405674,0
405686,1
405687,3
405689,0
405690,0
405885,32
406008,2
406040,58
406042,1
406151,0
406560,0
406609,0
406614,0
406625,129
406634,2
406635,68
406638,1
406640,10
406806,0
406973,5
407021,1
407098,10
407265,0
407885,0
408471,25
409106,1
409153,7
409344,1
409517,4
410059,4
410158,6
410185,2
410225,46
410237,0
410238,0
410425,8
410436,0
410561,0
410649,0
410708,4
411177,0
411287,0
411295,65
411379,0
411416,0
411424,0
411537,7
411975,12
412041,0
412045,1
412085,0
412092,0
412095,0
412363,33
412366,1
412513,14
412649,0
412660,13
412669,5
412671,5
412758,0
412829,1
412932,17
412934,0
412953,4
413032,0
413033,1
413039,51
413112,9
413118,0
413220,5
413245,0
413262,10
413403,8
413502,0
413507,19
413565,1
413605,15
413843,10
414908,27
415035,0
415194,0
415381,1
415383,0
415550,0
415646,0
415912,8
415970,1
416108,12
416168,0
416380,6
416386,7
417278,0
417346,25
417414,0
417575,2
417913,0
418543,1
418559,1
418560,169
418561,0
418571,1
418651,0
418658,3
418659,63
418660,0
418662,0
418881,0
419025,0
419061,0
419067,2
419255,0
419293,0
419648,0
419929,0
419930,0
419999,0
420002,62
420064,3
420210,1
420213,0
420243,1
420465,3
420782,0
420808,3
421424,0
421637,1
421726,1
421768,0
421769,0
421775,0
421780,0
421873,0
422281,15
422355,4
422380,0
422460,8
422466,4
422715,0
422850,3
422893,0
422951,0
422986,2
423166,0
423436,1
423440,9
423443,1
423444,9
423614,0
423678,1
423744,1
424015,0
424042,16
424051,9
424072,17
424204,9
424709,1
424784,25
424881,0
425028,0
425306,0
425334,10
425400,6
425462,0
425713,0
425902,3
425918,3
426192,6
426790,2
427161,26
427568,0
427572,9
427693,0
428016,0
428189,0
428563,15
428791,8
428954,2
429014,18
429086,0
429259,1
429309,0
429318,0
429790,1
429874,18
429901,0
429915,2
429983,35
429987,0
430280,5
430310,0
430488,0
430503,0
430579,0
430788,0
431190,4
431561,2
431698,0
431755,37
431811,1
432089,0
432090,5
432092,23
432281,0
432293,0
432298,0
432671,0
432772,7
432895,0
432982,4
433049,69
433177,53
433181,2
433183,0
433186,0
433188,10
433329,0
433388,1
433584,1
433887,0
433984,3
434110,0
434116,3
434207,5
434223,1
434224,7
434358,1
434433,26
434551,0
434602,0
434675,31
434676,0
434990,0
435213,0
435228,1
435338,22
435406,0
435485,14
435492,1
435500,0
435648,20
435772,20
435796,1
436064,0
436585,1
438001,2
438315,0
438682,0
438961,1
438971,0
439022,1
439072,2
439292,0
439465,0
439914,1
441170,1
441287,2
441385,0
441515,1
441986,7
442248,8
442320,4
442531,0
442552,0
442703,3
442805,1
442816,0
442891,66
443222,8
443263,0
443331,4
443710,6
443752,0
444208,3
444211,1
444523,31
444725,1
445126,4
445517,0
445631,0
445939,43
446491,0
447052,2
447221,1
447661,21
447730,0
447995,1
448028,3
448177,8
448258,6
448344,0
448466,2
448628,1
448632,0
448705,0
448844,0
448854,12
449151,24
449496,1
449592,0
449597,1
449796,7
450050,12
450234,0
450417,3
450936,9
451154,0
451276,26
451340,0
451677,0
451801,3
451848,0
451906,0
452068,0
452084,5
452477,3
452483,0
452876,0
452877,0
453016,7
453376,2
453594,6
453597,0
453704,0
453737,0
453742,0
453824,12
453864,1
453865,0
453870,15
454238,0
454386,0
454863,4
455056,0
455181,26
455349,2
455661,21
455922,0
456080,0
456492,4
456535,0
456877,0
456938,1
457221,2
457236,0
457422,0
457673,16
457674,0
457736,9
457931,2
458178,1
458715,0
458777,0
459128,8
459151,11
459452,0
459463,29
459504,0
459655,0
459658,8
459661,3
459665,1
459763,0
459945,0
459953,0
459988,3
460245,2
460629,1
460651,1
460654,1
460655,2
460660,0
460898,0
460939,18
461019,3
461496,0
461607,9
461617,7
461618,0
461619,0
461790,2
461833,1
461843,0
461858,0
461882,0
461883,3
461906,0
462070,0
462086,0
462250,39
462348,24
462809,0
462823,7
462832,0
463332,0
463600,0
463601,0
463603,7
463605,14
463608,0
463610,0
463611,0
463613,17
463617,0
463618,15
463620,6
463665,4
463792,0
464195,0
464333,0
464446,0
464469,0
464530,0
464598,6
464906,0
464990,0
465279,0
465294,0
465555,0
465565,0
465606,0
465715,0
465717,6
465830,13
465836,0
465955,0
465967,3
466268,1
466298,0
466602,0
466783,0
466794,9
466801,2
466802,4
466805,5
466807,0
466808,0
466809,0
466810,32
466910,0
467426,0
467434,8
467437,0
467563,0
467599,0
467623,8
467632,3
467720,19
467992,6
468002,3
468066,6
468198,5
468249,0
468301,1
468309,0
468539,0
468929,0
469050,6
469211,2
469669,2
469709,2
469781,6
469787,0
469822,5
469860,0
469949,0
469958,2
469976,3
470038,4
470391,1
470394,1
470422,0
470594,0
470596,0
470607,26
470618,0
470794,9
470815,0
471004,0
471055,12
471474,2
471582,2
471690,0
471890,1
471897,0
471901,0
471936,0
472161,2
472242,0
472243,0
472249,11
472423,8
473050,25
473169,5
474621,0
474662,5
474665,0
474701,10
474800,6
475188,9
475208,0
475410,2
475411,2
475413,0
475416,1
475959,14
476079,0
476100,0
476219,2
476237,1
476344,8
476352,4
476527,0
476532,0
476624,0
476701,1
476836,6
476915,0
477109,2
477238,0
477758,4
477834,0
478346,0
478573,5
479638,0
479648,3
479939,0
479942,0
479999,34
480116,1
480267,10
480692,44
480762,3
480763,5
480883,2
480955,0
480987,1
481084,7
481116,1
481173,0
481344,0
481513,2
481623,0
481675,0
481834,1
482072,4
482107,0
482145,0
482179,0
482573,0
482769,0
482792,0
482836,1
483046,6
483348,1
483461,1
483573,1
483974,0
484387,2
484389,0
484547,23
484551,0
484743,0
484888,3
484988,3
484991,0
484992,0
485424,3
485583,1
485584,0
485585,3
485706,9
485747,0
485960,6
485963,13
485965,6
486031,39
486046,0
486049,17
486144,0
486477,0
486604,0
486624,30
487180,0
487333,0
487465,15
487469,15
487474,6
487688,1
487828,0
487829,0
487834,3
487839,0
487843,21
487850,3
487969,54
488052,0
488362,15
488626,1
488656,0
488755,1
488784,1
488785,2
488935,0
488996,0
489359,2
489463,0
489611,1
489971,0
490223,12
490307,2
490384,4
490417,19
490421,0
490423,0
490426,6
490581,0
490606,0
490609,0
491296,2
491616,2
491648,0
491693,2
493003,7
493513,0
493607,0
493674,1
493702,3
494177,0
494236,0
494237,4
494586,2
494880,4
495601,0
495621,1
495625,1
495629,4
495666,7
495667,8
495669,0
495722,0
495752,0
495839,0
496094,22
496270,0
496601,0
496706,1
496745,4
496767,1
496857,15
497175,1
497291,7
497663,0
498043,0
498237,1
498529,0
498862,0
499604,0
500053,10
500054,0
500067,3
500087,0
500191,0
500689,23
501049,0
501418,5
501709,2
502670,36
502676,0
502722,2
502821,4
503075,1
503160,12
503162,0
503482,6
503619,1
503679,0
503680,2
503686,2
503688,0
503733,30
503740,0
503743,19
503749,16
503770,40
503795,0
503866,2
503871,5
503881,2
503975,0
503977,1
503980,2
503981,2
503987,15
503988,0
503990,0
503991,2
504073,0
504125,0
504147,0
504148,3
504153,3
504209,3
504215,15
504581,0
504825,0
504849,22
505194,1
505219,3
505308,1
505493,0
505653,15
505673,0
505674,13
505675,0
506009,0
506189,1
506248,7
507254,0
507341,5
507344,0
507345,2
507472,0
507486,5
507496,1
507700,1
508371,0
508637,0
508639,0
508941,0
509022,7
509234,2
510396,2
510971,0
511021,2
511550,1
511813,0
511815,0
512344,0
512352,2
512354,0
512385,8
513031,4
513245,12
513970,1
514285,0
514514,0
514888,1
515017,0
515624,0
516716,21
517376,0
517753,2
517842,0
517894,56
518505,19
518644,10
518860,0
519184,0
519872,0
520054,0
520468,5
520530,1
520624,33
520840,2
520857,0
520947,1
521407,9
521919,0
521964,5
522223,0
522245,0
522681,0
522784,31
522788,0
522791,0
523318,22
523977,1
524000,7
524010,4
524285,2
524290,8
524318,0
524481,6
524925,4
524929,4
524937,0
524986,0
525140,5
525155,0
525247,3
525287,10
525299,6
525578,10
525704,1
526050,1
526466,3
526845,0
527276,0
527350,8
527425,0
527698,7
527838,0
527966,2
528178,0
528181,0
528833,17
528888,0
528892,0
529895,0
530173,3
530298,0
530552,0
530742,3
530879,0
531062,0
531065,3
531277,0
531404,1
531825,0
531829,1
531949,24
531957,0
531960,0
532040,0
532169,0
532178,1
532495,0
532539,1
532541,0
532775,7
532776,17
532826,66
532937,5
533086,0
533295,15
533354,0
533568,4
533657,0
533662,6
533738,92
533916,2
534033,28
534084,1
534379,2
534700,0
535469,3
535551,2
535740,0
535820,1
535834,2
535955,7
535959,0
536030,1
536152,0
536156,0
536460,0
536472,0
536477,0
536482,11
536507,1
536508,2
536835,10
537127,2
537171,0
537182,0
537382,11
537488,0
537598,7
537602,0
537762,9
537763,0
537765,0
537860,5
538006,0
538045,0
538063,0
538569,0
538810,6
538874,54
538918,13
538964,31
538971,2
538974,2
538977,18
538994,1
538996,4
538998,3
539065,0
539134,14
539154,0
539232,2
539612,0
539665,0
539795,0
539798,0
540056,0
540302,1
540333,3
540536,7
540659,0
540664,10
540665,0
540676,0
540727,0
540827,0
540941,7
541231,4
541555,3
541646,0
542336,0
542452,0
542586,0
542588,0
542697,0
542819,0
543051,3
543164,0
543382,1
543387,3
543499,15
543537,3
543666,0
543727,0
543729,0
543736,0
543771,4
543822,0
544106,0
544148,6
544149,0
545332,2
545520,0
545538,7
545576,0
545647,3
546176,0
546213,9
546527,0
546543,25
546712,0
546880,0
546926,1
547534,0
547985,4
548111,17
548188,4
548254,1
548347,0
548348,2
548470,1
548650,2
548716,0
548729,5
549027,2
549318,0
549791,0
549815,0
550106,11
550108,5
550116,2
550549,0
550550,26
550580,14
550829,0
551001,0
551182,0
551505,11
551752,0
552057,15
552059,0
552223,0
552425,7
552472,0
552549,6
552655,0
552912,2
552955,5
553282,0
553285,9
553757,0
553875,8
553905,0
554251,1
554395,0
554903,32
555015,0
555076,29
555106,0
555143,2
555500,1
555820,4
556173,0
556385,10
556567,0
557057,0
557147,1
557149,20
557407,0
557459,8
557610,1
557612,9
557613,5
557614,6
557939,3
558139,0
558709,0
559263,6
559328,26
559794,0
559801,0
559979,0
560417,1
560483,7
560593,13
560694,1
560705,0
560725,6
561613,0
561745,0
562030,1
562049,3
562058,0
562287,0
562742,0
562948,0
563137,7
563306,0
563812,1
563963,3
564305,2
564451,0
564529,0
564545,7
564785,11
565093,0
565406,0
565424,2
565435,3
565821,15
565822,5
566025,0
566036,1
566574,6
566613,0
566615,3
566723,36
566799,0
566823,1
566931,19
566936,0
566965,0
567129,2
567217,1
567309,0
567576,4
567597,0
568005,0
568006,0
568157,19
568158,1
568177,37
568333,1
568535,1
568559,2
568617,0
568693,12
568696,3
568698,11
568701,3
568702,3
568728,0
568835,1
569031,0
569033,4
569140,12
569288,0
569349,0
569366,11
569367,0
569374,0
569375,0
569376,0
569383,3
569384,2
569385,2
569387,4
569388,1
569389,28
569390,4
569457,0
569598,11
569845,0
569866,3
569939,0
570160,0
570421,2
570466,0
570817,1
571020,40
571140,0
571271,0
571299,1
571604,6
571607,5
571743,3
572265,22
572271,0
572326,1
572919,0
573775,41
573979,0
574193,0
574201,0
574385,4
574495,1
574569,0
574671,5
574772,6
575319,0
575693,1
575998,4
576024,45
576028,4
576033,0
576121,1
576314,4
577394,0
577486,4
577590,0
578391,9
578392,32
578419,5
578421,1
578539,3
578680,0
578872,2
579263,3
579287,3
579294,0
579459,1
579565,1
579928,9
579930,27
580195,46
580276,0
580451,5
580560,1
580657,4
580747,1
581326,0
581330,0
581357,7
581598,0
581669,0
581672,3
581678,44
581780,0
581781,0
582131,0
582353,0
582664,0
583046,2
583189,14
583199,6
583255,35
583404,0
583508,0
583510,2
583699,8
583767,0
583990,0
584254,2
584769,21
585068,0
585323,0
585550,0
585700,6
585949,6
585959,57
585973,3
585982,10
586659,0
586756,0
586834,0
586853,14
586984,0
587002,0
587019,0
587458,5
587646,0
588020,0
588426,3
588747,0
589737,1
590690,1
590914,0
591193,3
591195,0
591197,0
591375,0
591796,0
591914,0
591916,5
591949,5
591957,0
592387,0
592534,0
592735,1
592975,0
592979,10
593279,0
593319,0
593320,0
593412,3
593482,9
594505,0
594926,0
594991,25
594992,0
594993,0
594997,2
595169,0
595650,3
595809,36
596122,2
596153,13
596240,3
596446,1
596813,0
596821,0
596881,1
596884,0
596901,0
597000,3
597004,0
597432,4
597659,6
598577,39
598608,0
598765,2
598958,0
599231,5
599263,0
599419,1
599663,3
599733,0
600041,2
600151,0
600936,0
601143,0
601577,0
601816,0
601877,0
601883,3
602105,17
602124,1
602299,0
602607,0
603675,1
603696,3
603891,0
603940,0
604113,1
604207,0
604320,1
604327,0
604359,1
605184,3
605222,0
605265,1
605268,7
605396,0
605426,0
605498,0
605558,0
605893,1
606119,8
606160,0
606447,0
606450,0
606451,0
606466,0
606718,2
606752,1
606849,1
607034,18
607223,17
607224,2
607225,0
607226,6
607720,0
607779,0
607854,14
608172,0
608175,2
608382,0
608469,4
608531,1
608739,0
608832,2
609361,0
609556,3
609692,0
610083,0
610190,0
610238,0
610335,0
610336,1
610400,0
610428,0
610431,1
610442,33
610581,0
610608,0
610622,0
610665,0
610795,0
610849,12
610881,0
611195,0
611198,0
611426,0
611793,0
612065,0
612517,0
612749,0
612826,22
613192,1
613393,6
613539,0
613781,0
614082,0
614195,0
614258,3
614603,0
614742,0
614811,0
615350,0
615636,0
616169,0
616341,7
616344,17
616369,16
616628,0
616631,0
616667,0
617021,0
617059,0
617060,0
617074,2
617081,17
617170,0
617755,0
618341,1
618350,5
618415,0
618416,0
618425,10
618472,6
618494,2
618809,3
618813,2
618898,0
619461,9
620164,0
620217,0
620295,0
620313,1
620315,0
620317,0
620319,0
620322,2
620477,3
620598,1
621193,1
621802,3
621965,0
621993,1
622031,0
622380,1
622801,0
622988,3
622992,0
623024,1
623040,1
623521,6
623524,0
623570,17
623773,0
624037,4
624258,1
624436,0
624548,0
624690,8
624920,0
624942,4
625014,0
625047,1
625202,1
625651,0
625654,2
625655,0
625657,0
625658,0
625660,2
626724,36
626888,0
626913,59
626953,0
626954,0
627163,6
627207,0
627226,5
627228,3
627248,1
627290,1
627294,6
627356,0
627442,27
627463,0
627464,0
627626,2
628365,0
628366,12
628451,1
628494,0
628498,4
628558,0
628834,0
628835,0
628886,4
629566,0
629585,1
629588,8
630989,0
630990,0
630995,3
631002,15
631007,2
631093,0
631221,0
631222,0
631472,1
631693,0
631821,9
631927,1
631996,0
632349,5
632495,0
632741,4
632831,0
632872,0
632896,0
633056,0
633398,0
633454,7
633530,2
633659,0
633668,10
633992,11
634105,2
634122,0
634125,0
634131,10
634427,1
634431,0
634461,2
635336,10
635347,0
635645,0
635881,0
636093,0
636686,0
636688,1
636695,1
636697,0
636703,19
637803,0
638124,0
638235,0
638589,0
638649,0
638793,8
638964,0
639712,0
639733,3
639758,0
640026,0
640109,15
640245,0
640428,6
640556,0
641036,0
641537,8
642002,0
642689,0
642967,0
643574,1
644032,0
644401,7
644408,0
644563,0
644613,0
644676,1
644771,2
645601,0
645686,0
645774,12
646402,4
646658,0
646698,1
646733,5
646734,0
646738,0
646739,0
646740,6
646746,0
646747,0
646750,1
646782,0
646824,0
646829,0
646991,0
647280,1
647435,1
647484,0
647534,0
648020,4
648032,0
648046,16
648195,17
648779,9
648812,0
648886,0
649016,20
649020,3
649023,0
649024,0
649026,0
649033,0
649035,0
649317,12
649452,1
649457,0
649490,2
649672,1
650104,0
650350,0
650966,1
650993,0
650999,0
651005,0
651269,5
651569,5
651735,0
651973,0
652054,0
652061,1
652275,13
652331,2
652979,0
652996,0
653415,0
653610,5
654234,2
654253,0
654414,0
654415,1
654539,7
654872,0
654982,5
654991,6
655006,5
655009,0
655012,12
655143,0
655217,2
655456,0
655488,41
656441,4
656681,22
657430,7
657742,0
657817,0
657863,0
657919,0
658115,3
658269,0
658533,0
658534,1
658536,12
659089,2
659415,0
659459,4
659513,0
659516,1
659518,4
659520,1
659521,0
659542,48
659543,21
659813,5
660342,1
660438,7
660735,0
660860,4
660867,7
661053,5
661145,2
661171,0
661207,1
661208,0
661212,0
661427,0
662242,4
662261,1
662752,0
663189,0
663225,0
663237,5
663244,3
663264,0
663581,2
663900,0
664708,0
664973,0
665390,2
666168,0
666234,5
666268,2
666547,6
666974,0
666977,0
667121,5
667251,0
667287,5
667457,0
667517,0
667965,0
667967,5
667991,0
668167,1
668179,3
668183,2
668207,1
668210,0
668212,0
668268,0
668276,2
668547,2
668606,5
668951,23
668996,0
669000,1
669366,0
669380,2
669511,1
670096,2
670116,0
670681,8
670688,0
670717,1
670840,0
670845,0
670847,13
670848,0
670850,0
670858,2
670859,0
670882,12
670883,0
671108,0
671145,0
671548,0
671590,0
671594,18
671649,1
671799,0
671915,1
672381,4
672803,1
672830,0
673071,4
673492,0
673514,1
674612,4
674806,5
674921,0
675565,0
676042,4
676318,2
676411,1
677935,2
678088,0
678194,6
678406,2
678441,0
678479,4
678655,0
679423,2
679754,0
680447,0
680806,0
681615,0
682032,0
682588,0
683571,3
683620,0
683625,0
683812,0
683840,22
683895,2
684062,1
684210,10
684253,0
684299,0
684315,2
684318,0
685484,0
686965,2
687035,0
687609,12
687626,4
688641,0
688707,2
689505,4
689637,0
690429,0
690799,4
691316,9
691482,5
691786,8
691841,0
691892,6
691958,1
692070,0
692187,0
692208,0
692209,2
692368,1
692734,1
692737,1
693095,1
693352,0
694507,5
694509,1
694928,13
695422,0
695454,0
696028,0
696164,0
696181,0
696346,0
696589,0
696598,0
696764,0
696849,0
696883,0
697144,0
697277,1
697280,1
698110,0
698151,0
698164,0
698259,3
698523,0
698546,0
698548,0
698560,0
698678,1
699442,1
699704,11
700053,1
700078,0
700106,7
700643,0
700998,1
701057,3
701757,3
701819,0
702372,0
702441,4
703245,1
703470,0
703626,0
704155,4
704156,0
704270,7
704347,0
704692,0
704825,0
705063,0
705395,1
705808,0
705813,0
706024,0
706138,1
706617,0
706947,0
707063,0
707225,0
707230,0
707231,0
707242,4
707274,2
707276,0
707279,0
707317,0
707359,0
707450,0
707572,2
707809,0
707844,0
708072,4
708079,0
708086,0
708265,33
708635,0
708678,3
708681,0
708868,0
709187,20
709372,7
709380,0
709482,0
709726,43
709767,0
709957,0
709966,0
709969,3
709971,0
709985,0
709997,0
710004,0
710474,0
710484,0
710671,0
710677,4
710679,1
710885,1
711337,10
711374,1
711377,0
711382,0
711394,0
711517,4
711544,6
711625,5
711626,0
711638,0
711969,5
711976,2
711980,3
711996,1
711999,5
712099,0
712107,0
712117,0
713632,0
713644,8
713649,0
713787,1
715470,0
715628,0
715650,0
716276,2
717118,2
717345,0
717346,0
717411,1
717465,0
717585,0
717957,0
718029,0
718032,0
718034,1
718201,0
718303,5
718312,1
719442,9
719673,0
719694,1
719720,0
719999,0
720038,5
720162,1
720488,0
720518,11
721746,0
721953,0
722351,0
723416,0
724069,0
724104,1
724106,0
724108,0
724129,9
724520,13
724537,0
724783,0
725242,0
725912,0
726526,0
726701,0
727089,0
727865,0
728311,0
728485,0
728733,2
729264,0
729814,33
729818,0
729872,0
730126,0
730484,2
730486,0
730581,2
730861,3
730893,4
731491,0
731525,0
732096,0
732119,0
732165,0
732507,1
733371,0
733576,18
734425,0
734676,0
734898,0
735568,1
735570,7
735571,18
735700,0
737781,20
739076,0
739315,0
739443,19
739769,9
740674,1
741090,0
741142,0
741238,4
741257,0
741258,0
741267,0
741289,0
741292,2
742201,6
742451,0
742521,1
742770,0
743091,0
743384,3
743386,10
743387,2
743395,0
743413,6
743496,2
743498,8
743500,0
743501,0
743515,0
743522,0
743533,0
743589,1
743591,10
743597,1
743598,0
743599,3
743600,11
743951,0
744149,0
744728,2
744857,0
745075,0
745173,3
745178,1
745181,1
745191,1
745200,17
745202,0
745461,3
745851,0
746695,10
746712,2
746739,0
746740,2
746833,0
746891,3
746910,18
747009,1
747153,0
747720,3
747951,0
748070,0
748316,0
748319,6
748382,5
748807,0
749552,3
750878,0
750886,0
750903,0
750904,5
763079,0
763182,5
764859,12
765467,0
766412,4
766583,8
766723,1
767229,0
768380,4
768384,0
769063,4
770407,0
770436,0
770438,0
770895,0
774772,0
775605,2
776303,0
776798,13
776890,40
777005,5
777308,0
780147,0
780548,2
780630,0
782476,1
782630,3
782632,0
783094,1
783396,6
783429,0
783434,0
783635,0
783799,0
784719,0
785353,3
785967,0
786436,2
786438,0
787151,1
787152,0
787232,5
787618,2
787907,0
787912,0
788445,0
789082,7
789252,1
789328,0
789898,0
790918,0
790992,1
792331,1
792380,6
794349,0
794758,1
795274,1
795431,0
795738,0
796213,5
796221,0
796297,0
796300,0
796305,0
796429,0
796865,0
797563,0
797572,0
797791,0
798043,5
798114,0
798404,0
798925,2
798927,1
798929,3
799936,0
799993,2
800175,1
800176,1
800948,1
801734,17
801754,0
802512,0
802515,2
802747,1
804219,3
804547,0
804661,1
804708,1
804711,1
804812,0
804817,0
804831,0
804884,0
804933,0
804934,0
805714,0
805886,0
805908,1
806168,0
806310,0
806501,0
806793,0
806948,0
807128,3
807165,1
807386,2
807648,0
807688,3
807689,15
808224,0
808348,2
808509,5
808559,0
808664,0
809498,4
809639,0
810092,6
810093,1
810096,0
810108,0
810411,8
810649,1
810895,12
810909,0
811430,1
811778,2
811779,16
812625,1
812654,0
813137,3
814446,0
814453,0
814725,0
814950,0
814976,0
815078,0
815359,0
815563,0
815567,0
815652,0
816308,1
816580,1
816585,10
817180,0
817612,0
817665,0
818448,0
818495,0
818878,0
818880,0
818888,0
818892,0
819215,0
819566,0
819590,0
819636,5
820146,0
820241,2
820261,0
820374,3
820957,5
821522,0
821820,0
822331,0
822458,25
822958,0
822959,5
823231,21
823486,2
825073,0
825437,0
825438,0
826064,0
826224,6
827734,11
827950,0
829838,0
829874,3
830108,2
830265,0
830365,2
830890,2
831161,0
831162,0
834397,0
834463,0
834470,0
834483,0
834486,0
834487,1
834491,1
834742,2
834744,0
834752,4
834764,9
836441,0
836518,0
837329,0
838236,1
841121,0
842338,1
842341,1
842425,1
843286,1
843595,0
844516,2
844637,1
845289,0
845321,0
845568,1
845654,18
845723,0
845809,0
845872,0
846254,0
846302,0
846310,1
847279,9
847759,0
847772,0
848509,2
848682,0
849410,1
849520,16
849865,0
851220,2
851385,0
852024,0
852727,3
852998,0
854097,0
854721,0
854973,0
855014,0
855015,10
855050,0
855056,0
855134,2
855158,0
855215,0
855256,3
855308,3
856274,0
856479,0
856530,11
857482,0
857818,3
857830,0
857832,0
858719,0
860051,0
860053,0
860056,0
860062,0
860078,0
860992,0
861410,13
861981,1
862297,0
862606,0
862880,0
863204,0
863741,0
863759,0
864121,0
864306,2
864480,0
864496,0
864799,2
865682,0
865993,0
866246,1
866247,0
866250,0
866579,0
866655,2
867137,1
867357,1
867688,9
867711,0
868891,0
872171,3
872184,1
872380,2
874066,0
874080,0
874538,0
875332,2
875334,4
876034,0
876298,1
876400,0
876631,12
877124,0
877139,0
877672,0
879768,0
880054,0
880245,5
880330,4
881297,2
881610,0
882710,1
882772,0
883007,0
883122,1
883349,0
883865,0
884072,2
884810,0
884820,0
885226,2
885230,0
885445,5
886503,0
887638,2
888493,2
888639,0
888738,0
889435,0
890290,7
890385,0
890719,5
890721,1
891310,0
891379,0
891998,0
892160,5
892217,0
892221,0
892926,0
892929,7
892932,1
892973,1
893675,4
894205,0
894324,0
894914,5
895326,2
895334,0
895458,0
895480,0
895937,1
897423,0
897424,3
897479,0
897481,0
897505,0
898352,0
898751,0
900195,1
900601,0
900909,3
901019,9
902467,0
902573,0
903359,1
903611,0
903666,3
903693,5
904662,2
904712,0
905011,3
905997,6
906025,0
906160,0
907215,0
907489,0
907559,0
907813,1
908621,0
909758,0
909894,0
910176,0
910541,0
910905,0
911328,0
911424,0
912392,0
912902,0
913495,1
913539,0
914562,17
914934,3
915849,0
916014,0
916430,0
916497,0
916920,5
917014,0
917015,0
917101,0
917104,0
917120,0
917375,2
917778,6
917817,0
918250,0
918251,0
918268,0
918414,0
918969,3
919173,0
919515,0
919620,0
920283,0
920470,0
921431,1
921655,7
921734,0
922413,0
922563,0
922693,2
922764,0
922769,3
923595,2
923759,1
923831,2
923832,0
923838,0
923915,0
923945,1
924117,0
924349,0
924447,0
924800,0
924857,0
925584,0
925838,0
925848,0
926135,0
926235,0
926301,0
926694,0
926763,2
926849,0
926952,5
926978,0
927353,5
927768,1
928051,0
928323,5
928726,0
928900,1
929494,1
929612,0
929899,0
930415,0
930781,5
930998,0
931160,1
931567,0
931838,6
931841,0
932187,0
932349,0
933900,3
933908,0
934154,0
934159,0
934527,1
934838,0
934878,3
935230,4
935231,5
935232,0
935245,2
935457,0
935760,1
935777,0
936536,0
936684,0
936745,0
936755,0
936842,0
936874,1
936901,0
936981,0
937941,17
937945,0
937955,1
937958,28
938009,0
938146,0
938158,1
938678,0
938729,4
939290,0
939374,0
939964,5
940135,0
941867,0
941869,1
941883,0
942497,0
942814,0
943549,0
943795,3
943837,6
944331,0
944427,0
944570,1
944724,0
945496,0
945709,0
946883,0
947360,1
947411,0
947431,0
948273,2
948275,8
948278,3
948279,1
948294,15
948537,0
949113,1
949116,0
949489,0
950091,1
950593,0
951579,0
952282,2
952436,0
952779,0
953901,1
954104,0
955070,6
955253,0
955263,0
955281,0
955354,0
955356,0
955357,5
955359,0
955360,0
955448,1
955449,0
957461,3
957822,0
957874,7
958647,0
960571,2
960655,0
960941,0
961022,3
961087,0
961297,1
961945,0
962110,1
962124,0
962125,0
962145,2
962555,3
963150,0
964087,0
964190,0
964580,4
965940,0
967319,1
967346,2
969192,0
969447,1
970279,0
970364,0
971570,4
971663,0
972465,2
973085,3
973949,1
974251,0
974561,0
974894,0
974996,0
975347,0
975689,1
977464,1
977877,0
979235,0
979551,1
979761,0
979766,1
979773,0
980575,0
980576,3
980632,0
981977,0
982097,0
982267,5
982393,2
982855,0
982859,0
982863,0
982864,0
983989,9
984096,0
984697,0
984699,0
984964,0
985383,1
985806,0
986261,0
986262,0
986285,1
986288,4
986291,0
986298,0
986300,0
988275,0
988468,0
988964,0
989574,4
989621,0
989817,0
989819,0
989824,0
989826,0
990637,1
990732,0
991054,0
991268,9
991487,3
991744,0
991800,0
992569,0
992686,7
993645,0
994536,1
996453,0
996897,6
997861,0
998101,0
999127,0
999229,2
1000136,0
1000675,0
1004301,0
1004344,1
1004486,0
1004618,0
1004619,0
1004681,0
1004708,1
1004723,0
1004834,3
1005165,3
1005240,2
1005575,1
1005583,0
1005649,3
1006411,0
1006916,0
1007378,0
1009030,1
1009440,0
1009441,0
1009596,0
1009658,0
1009766,0
1010854,0
1010855,0
1010856,0
1011131,0
1011147,0
1011200,3
1011738,0
1012534,8
1012564,2
1013774,0
1014243,0
1015624,0
1016015,1
1017912,0
1018259,14
1018920,2
1018938,0
1019408,0
1019950,0
1020191,2
1027216,0
1027557,0
1027993,0
1028125,0
1028162,0
1029294,0
1030153,1
1030425,0
1031293,0
1031774,0
1032280,1
1033005,1
1034853,2
1035659,0
1035765,5
1038308,0
1038512,1
1038821,0
1038950,7
1040080,0
1041934,0
1042472,0
1042886,0
1043634,0
1043646,1
1044893,1
1045123,0
1045124,0
1045446,0
1045767,0
1045986,0
1046867,0
1047097,1
1047101,0
1047104,0
1047256,0
1047261,0
1048147,0
1048496,0
1049151,0
1049598,0
1052287,0
1052291,0
1053147,0
1053208,1
1053240,1
1054429,0
1054839,2
1054909,0
1054934,2
1055220,0
1056655,0
1056966,0
1056971,0
1057316,1
1057820,1
1058354,0
1058359,0
1058368,1
1058369,0
1058514,1
1058515,0
1058520,0
1060740,0
1061122,3
1061260,0
1061282,11
1061283,0
1061336,0
1061656,0
1061660,0
1061665,0
1061820,2
1063329,0
1063338,5
1063340,0
1063553,1
1063574,0
1064103,0
1064105,0
1064116,0
1064121,0
1064471,2
1064506,1
1064871,14
1065442,0
1067168,0
1067904,2
1068110,1
1069038,0
1069512,0
1070979,1
1071596,0
1071956,1
1072902,0
1073032,0
1073176,0
1073748,1
1073997,1
1074526,0
1074628,1
1074990,1
1075147,4
1075574,0
1075575,0
1075583,0
1075589,0
1076815,3
1077175,0
1077670,0
1078163,0
1078326,2
1081219,2
1081496,0
1082519,0
1082581,0
1082774,0
1082850,0
1083024,0
1083069,0
1083164,0
1084638,1
1086258,0
1086375,0
1086619,1
1086636,0
1087022,0
1088110,0
1088199,2
1088818,0
1089202,0
1089802,0
1091353,0
1091562,0
1093482,0
1096744,0
1097113,1
1097139,0
1099652,0
1099726,2
1099860,0
1099924,1
1101641,0
1103652,0
1103958,3
1104206,0
1107726,0
1107733,0
1108145,1
1108203,0
1108466,1
1108478,0
1111589,0
1111663,1
1111776,1
1111777,2
1111820,0
1111912,0
1112449,1
1113451,1
1114155,1
1118293,0
1118347,0
1119453,4
1119455,0
1119456,3
1119880,0
1119881,0
1120228,0
1121298,0
1124005,5
1124136,0
1126894,0
1127730,0
1130445,0
1130514,0
1131161,4
1132292,0
1132634,0
1133929,2
1134251,2
1134304,0
1134878,0
1135364,0
1137808,0
1141560,2
1141628,0
1144627,1
1144700,0
1144999,0
1145064,0
1145504,1
1146029,2
1150105,0
1151929,0
1153105,0
1153628,0
1155608,0
1159022,0
1159864,1
1160813,0
1160814,5
1162654,1
1164331,0
1166473,0
1168219,9
1169436,0
1170286,0
1171764,0
1174032,0
1175410,0
1176215,0
1176345,2
1176519,0
1178474,0
1178475,0
1178488,0
1178489,0
1178695,1
1178721,0
1179130,0
1180835,0
1182738,0
1183575,1
1183719,0
1184007,1
1184137,0
1184986,0
1185888,2
1186235,0
1186789,0
1187942,0
1188619,0
1190411,3
1191473,0
1191520,0
1193867,0
1200289,0
1200419,0
1200423,1
1200427,1
1203026,0
1204959,0
1208968,0
1210422,0
1213681,0
1227106,0
1228231,0
1228317,1
1228320,0
1230202,0
1230661,2
1231401,0
1232057,0
1234988,2
1237306,0
1237907,0
1241207,0
1241211,0
1245948,0
1247360,0
1254786,0
1255616,0
1268764,0
1271065,0
1275040,0
1280281,0
1296876,0
1297673,0
1300966,0
1301775,0
1305792,1
1307004,2
1309324,0
1310513,0
1312698,0
1314671,0
1315458,0
1322090,0
1331450,0
1337084,0
1338984,0
1363293,0
1364454,5
1365799,0
1367276,0
1375227,0
1380977,0
1384911,0
1390649,12
1411351,0
1453066,0
